{
  "creds": {
    "noiseKey": {
      "private": {
        "type": "Buffer",
        "data": "WI/Oo89VTJJaj+frV+hZu3vYzJtkJ+pA/sN04FmbXEc="
      },
      "public": {
        "type": "Buffer",
        "data": "AujgcEJ2sdyePJb2T+ZlCP7cBwkk6MkpZyA2PiMSIlA="
      }
    },
    "signedIdentityKey": {
      "private": {
        "type": "Buffer",
        "data": "6Ovi68G+CG6Uyb1S60akKBiiZys458VTkwWp62Jo/08="
      },
      "public": {
        "type": "Buffer",
        "data": "dZ05R9/Etq0gLCrsBAYwpV5vlO92L+VhRAs0E8257HA="
      }
    },
    "signedPreKey": {
      "keyPair": {
        "private": {
          "type": "Buffer",
          "data": "KPQqA7SlzIP4n2UPKLhwyIfB3nuiRLOcMuWU8rJ1D2o="
        },
        "public": {
          "type": "Buffer",
          "data": "8noqlq+7QjLpL5Y//0Lx7quIRXkH8Kqm2Hx9PAluABk="
        }
      },
      "signature": {
        "type": "Buffer",
        "data": "0bHJAW5lEUZmLmTU1xGp6V270BwxjLt80tqBruXhvDz8Kq4cKrEtW22qOcgRYsKKWM0wEpgrERK7cn4CLDUPiA=="
      },
      "keyId": 1
    },
    "registrationId": 206,
    "advSecretKey": "mbu4XPWSSMB/XgSRtb3ehWu5hzPR2a0u7egQ5tZ39Os=",
    "nextPreKeyId": 32,
    "firstUnuploadedPreKeyId": 32,
    "accountSettings": {
      "unarchiveChats": false
    },
    "account": {
      "details": "CIulmL8HEL6q85cGGAE=",
      "accountSignature": "xvH78ha1tiCVBWbSERZJPg1rLzV4viHCpnwHWo7jqIBrUxkUNiicucanF3qYG8+MHaAbOlrJC5mVwSWY/61RCA==",
      "deviceSignature": "GHBNLwWjQN9WpfHx6hXZgrYSAzqUHI/8NBH3BSKaVN0jOl0OWLWFqLRpqZjO4xqRQ+zQZo6FEcP9et8dztozgA=="
    },
    "me": {
      "id": "628811464285:9@s.whatsapp.net",
      "name": "𝐍𝐎 𝐉𝐀𝐒𝐏𝐎𝐒𝐓 : 𝐘𝐨𝐬𝐍𝐞𝐬𝐢𝐚"
    },
    "signalIdentities": [
      {
        "identifier": {
          "name": "628811464285:9@s.whatsapp.net",
          "deviceId": 0
        },
        "identifierKey": {
          "type": "Buffer",
          "data": "BZ9UFD5Ge7IbM2zdWcBb22KZEZJygWcpthz1ouktQPE/"
        }
      }
    ],
    "platform": "android",
    "lastAccountSyncTimestamp": 1660739232,
    "myAppStateKeyId": "AAAAAA6+"
  },
  "keys": {
    "preKeys": {
      "1": {
        "private": {
          "type": "Buffer",
          "data": "yBX5ODBuLP34O06XRQAwPqCN6spZnv/kp8daFGApFUw="
        },
        "public": {
          "type": "Buffer",
          "data": "7jvlpMcnHdo3CTlM5+T+OnM3bwIp57jdqIt925wbdz4="
        }
      },
      "2": {
        "private": {
          "type": "Buffer",
          "data": "QLQKz7zmDs7IOkP1CAftMfqs8BgZ4zjeWpIymX7ty3I="
        },
        "public": {
          "type": "Buffer",
          "data": "VvZOgWRqpjsdA8Jf70KlQnSl0tCrSu379h/rPXFs2jw="
        }
      },
      "3": {
        "private": {
          "type": "Buffer",
          "data": "QD8MtWeh6A4adTJxcDXFsN3k+E4QcwXissamWrklgmg="
        },
        "public": {
          "type": "Buffer",
          "data": "0y51x6JrDkfYtIZdTFd/E7M7zvoLM5Rv6+KaiKnx6nM="
        }
      },
      "4": null,
      "5": {
        "private": {
          "type": "Buffer",
          "data": "MMfFvr6VNNVi6NvO5aInOVWX1QGVd5Q4h/qsc2n9F3Q="
        },
        "public": {
          "type": "Buffer",
          "data": "POIW6tO21PYZ6hhXc7k8aEvJmoKh76B/STbl7l+KWAc="
        }
      },
      "6": {
        "private": {
          "type": "Buffer",
          "data": "UHvMpGE1LpsAqctjeRyCxWq5hChecPg1gC1Bdr1Z1G0="
        },
        "public": {
          "type": "Buffer",
          "data": "N7I6DsE7XMPqIIVX/HQKddLgJKQ7AJOitOKlQ6WDEik="
        }
      },
      "7": {
        "private": {
          "type": "Buffer",
          "data": "uPSLYL4Ru26dOjkPVddTAjIZnQZPzxYaoYuYJmVE5Ec="
        },
        "public": {
          "type": "Buffer",
          "data": "o8kro6TyK4FckURqmomr8a1iZuktK0sYMzd0jxGHXkY="
        }
      },
      "8": {
        "private": {
          "type": "Buffer",
          "data": "AA4YHPPL0PwyxhFemq75+BfigCXyJ0dLwEHa2/qlJEA="
        },
        "public": {
          "type": "Buffer",
          "data": "2iFE9jp3NhVsmvUmGSpAC3C8SLJO4fCZmfDOdifbIB4="
        }
      },
      "9": {
        "private": {
          "type": "Buffer",
          "data": "gH1AneVlLQ3dGWb1RSLF1XXCEZgLU1eD/lqONvCmm34="
        },
        "public": {
          "type": "Buffer",
          "data": "d4b0bX6kFvVAXD92fJwYuwCCQ0+vGSi3zkoGIIP28ic="
        }
      },
      "10": {
        "private": {
          "type": "Buffer",
          "data": "sLD6BqLxQSVZstmPVKxx9ekxeCaXZorn7krWonRrwls="
        },
        "public": {
          "type": "Buffer",
          "data": "rLcz8Y2BP7UnZm1jVjOXj5NqLqFTprRFl11AkpVVMSs="
        }
      },
      "11": {
        "private": {
          "type": "Buffer",
          "data": "iCpGVEt+9mS+exlt8+ASe0dvozygDeHhSbD+XB5unEA="
        },
        "public": {
          "type": "Buffer",
          "data": "DkiVS+bi77e26efxdQMqNUVL8cD2qWO6iAL0b4HPOgs="
        }
      },
      "12": {
        "private": {
          "type": "Buffer",
          "data": "aNws1LiiY3jjspFjiGIUqw5XptZZpmN/w7UGeyuIC3I="
        },
        "public": {
          "type": "Buffer",
          "data": "8xR5IXdpYEeK264w3x9YciRbFSGQg/HrIF8T1k+HfRk="
        }
      },
      "13": {
        "private": {
          "type": "Buffer",
          "data": "uBri5S9ZSvenrQXeBpBVIsoxh6Qx7O5sH3ckAANVIWA="
        },
        "public": {
          "type": "Buffer",
          "data": "0m/9PVu1yASU+Q12Pbvq+29JaCVnTPQZrPNvNH7oPRY="
        }
      },
      "14": {
        "private": {
          "type": "Buffer",
          "data": "2JFmHJxbsL/p2BfGIfTuaSH2ETmbhs9yTpS/Hhy6D1U="
        },
        "public": {
          "type": "Buffer",
          "data": "bugaRim0h/m43UTSKHWZ5N6hVfYvYla2xte4mI7QzF4="
        }
      },
      "15": {
        "private": {
          "type": "Buffer",
          "data": "IB8pgoAh3Rg2JGoSlGXO3z/kvKJD/8oKuoeq8I4pw2g="
        },
        "public": {
          "type": "Buffer",
          "data": "V/ah5ZsNFAIjaURZwza3j6Cx9v+Z+YKAjKM2vxOOGkg="
        }
      },
      "16": null,
      "17": null,
      "18": {
        "private": {
          "type": "Buffer",
          "data": "OGmibiOD5hjYxeCkg3AlpuzQblu25IfOBqCjqTR7rkc="
        },
        "public": {
          "type": "Buffer",
          "data": "FLEZvKD283dsM5q9BwIBHixOjXPjahqfBOHqfD/gaUg="
        }
      },
      "19": {
        "private": {
          "type": "Buffer",
          "data": "QC0+QQzV+gv36JeuX3ECTebGsjZkZSGGPUqQnKRyCEw="
        },
        "public": {
          "type": "Buffer",
          "data": "6zKXdcZgA8uMZKE7Av/qJKgGAh4fvFZYg2ivbk7Ck0w="
        }
      },
      "20": {
        "private": {
          "type": "Buffer",
          "data": "QMKiHcNHHia8OwCx+UhekQ1JC2VG7+n7SlHwa+F50Gw="
        },
        "public": {
          "type": "Buffer",
          "data": "KsVlUYxXSGSW9f08lGh+ZW2PqIM+DniEbzih096YRAI="
        }
      },
      "21": {
        "private": {
          "type": "Buffer",
          "data": "eLlyaeM2+7RD9o099tBvc2C3aYdTfFXCqYIbe8xBkGQ="
        },
        "public": {
          "type": "Buffer",
          "data": "7V5UQ/iLU0VOiDi8RJcAQBGNiSKW8NZ+ZjuDpUhl3DE="
        }
      },
      "22": null,
      "23": {
        "private": {
          "type": "Buffer",
          "data": "8CaIUKKYHcq17WdTN4OVxY1b5lVKrSxPiSPognmyyE4="
        },
        "public": {
          "type": "Buffer",
          "data": "bIF9uFJgGQz8/AJX+udkZeG1r+kPmcw3Ytfn3ripVy4="
        }
      },
      "24": {
        "private": {
          "type": "Buffer",
          "data": "IN4hdZZZd/kDvylPyjVktWaxQXoU3JYCW9YyUVJVQUg="
        },
        "public": {
          "type": "Buffer",
          "data": "lh0uyCWcD5EVLs8nfAQitUmztum1IfK3MMiBLRus/lM="
        }
      },
      "25": {
        "private": {
          "type": "Buffer",
          "data": "KG8/mOwnCNhNjoByaxXT4vblH60FA1ho4enmTnoWFHk="
        },
        "public": {
          "type": "Buffer",
          "data": "Hcsymk4yzPO9PcGcRR7flfzBpOJgQmLVV2KD60uJJXQ="
        }
      },
      "26": {
        "private": {
          "type": "Buffer",
          "data": "oFdYRwf0C6qhuUJWRO8m+jEkcqD2KX96L4C46LshUGY="
        },
        "public": {
          "type": "Buffer",
          "data": "/Fs7O40a6AbDPVGiASpLjnZUQ/UHz+/B57/hPv8eoms="
        }
      },
      "27": {
        "private": {
          "type": "Buffer",
          "data": "gA6rtu2rmL37ihYNeZHATLocNkf0DzWlaC1LYEKrM2U="
        },
        "public": {
          "type": "Buffer",
          "data": "OGSezwjXo1IwfV7nNuTA8AAGqSW3goZUUBYD3bFlyDc="
        }
      },
      "28": null,
      "29": {
        "private": {
          "type": "Buffer",
          "data": "+GrVDsA9+2Q7ZWfldgVt2bln7k7FyAzdf5q2QhI+sXQ="
        },
        "public": {
          "type": "Buffer",
          "data": "OMgUwHOIObzdJBydRt5AHEsbov8DLdCUE7U01P3o8jc="
        }
      },
      "30": {
        "private": {
          "type": "Buffer",
          "data": "OOHaWH0QcSmA8tEdPfazd6yc6O4xZNNXJVKg9ifzU1o="
        },
        "public": {
          "type": "Buffer",
          "data": "LSw5nvNynOrBu6XAIIX2s1/0vLyoHp3y6sGy+/csoAc="
        }
      },
      "31": {
        "private": {
          "type": "Buffer",
          "data": "2A/KHQebmCo0KFC1YToNlWcuzw4jRTpj8JCjEZ2HkVo="
        },
        "public": {
          "type": "Buffer",
          "data": "igVu2/VPRjaL2oD9M1AwUnr38YqNv6IIhD/osEhPH34="
        }
      }
    },
    "sessions": {
      "628811464285.0": {
        "_sessions": {
          "BX9T1UM8sAhO2pBDkcC1dw2wu+Op+UhmBo+EW4Otgjs/": {
            "registrationId": 113808004,
            "currentRatchet": {
              "ephemeralKeyPair": {
                "pubKey": "BVxFq6mSzCduWStnoMa1BD668XXhip37l54JcjAvEbR3",
                "privKey": "EJdi45rDnXWuAnLctCkz/ZauKSdpAW6PxTlFYs03gmo="
              },
              "lastRemoteEphemeralKey": "Bb7dCe8vjfGFHl+DOxa5T6ev0ZDlfAZ6dN/BjvA533RE",
              "previousCounter": 1,
              "rootKey": "LQPLnw8+EE5yZH5TwS3ifJEYrOIjyphF8gZi1bmR0sY="
            },
            "indexInfo": {
              "baseKey": "BX9T1UM8sAhO2pBDkcC1dw2wu+Op+UhmBo+EW4Otgjs/",
              "baseKeyType": 2,
              "closed": -1,
              "used": 1660738220370,
              "created": 1660736835246,
              "remoteIdentityKey": "BZ9UFD5Ge7IbM2zdWcBb22KZEZJygWcpthz1ouktQPE/"
            },
            "_chains": {
              "BVVWKyUPfhO+dD/nTqH6nHCTztELhoOXrUUHv9zUMaRg": {
                "chainKey": {
                  "counter": 5
                },
                "chainType": 2,
                "messageKeys": {}
              },
              "Bb7dCe8vjfGFHl+DOxa5T6ev0ZDlfAZ6dN/BjvA533RE": {
                "chainKey": {
                  "counter": 0,
                  "key": "f1zU21kaGIx6iDUsUJwi8ZANYC45DPKicDVvjorflEo="
                },
                "chainType": 2,
                "messageKeys": {}
              },
              "BVxFq6mSzCduWStnoMa1BD668XXhip37l54JcjAvEbR3": {
                "chainKey": {
                  "counter": 3,
                  "key": "fhPHvKud30F0EldeYTuyh7QTnNXOABZzOl4ytHRfC2M="
                },
                "chainType": 1,
                "messageKeys": {}
              }
            }
          }
        },
        "version": "v1"
      },
      "628811575602.0": {
        "_sessions": {
          "BU++Q6pXMgPeMH0/+YmilMyipV+4nGw24XhpUFsrO29Y": {
            "registrationId": 647723070,
            "currentRatchet": {
              "ephemeralKeyPair": {
                "pubKey": "BZGWxDrBV5blZOlDDsjy/w1BIm80tMrzK/W/cE7hFQlr",
                "privKey": "YP1AItrYu1BNPbdc0XSJerF5ozE18A+BOopG73CUPn8="
              },
              "lastRemoteEphemeralKey": "BX70+v7pdPt1m4oO02EBZ13tKQFCvw5/+qJqzeSz3v4O",
              "previousCounter": 2,
              "rootKey": "6oNxHYW49F8rqyn7HNP9T7wrqO7gAl3rWAbph27z8ec="
            },
            "indexInfo": {
              "baseKey": "BU++Q6pXMgPeMH0/+YmilMyipV+4nGw24XhpUFsrO29Y",
              "baseKeyType": 2,
              "closed": -1,
              "used": 1660752231357,
              "created": 1660736847560,
              "remoteIdentityKey": "BTPdTH5bABCgnFpBqC1wpXVtexqirjnT1ALEMh9FEg8h"
            },
            "_chains": {
              "BSy+Gn9ceBvmXvAqzq/oSL/3w/EdflJ8kS7dGPOBWQUT": {
                "chainKey": {
                  "counter": 0
                },
                "chainType": 2,
                "messageKeys": {}
              },
              "BX70+v7pdPt1m4oO02EBZ13tKQFCvw5/+qJqzeSz3v4O": {
                "chainKey": {
                  "counter": 4,
                  "key": "T21TlXnp8nhQ44l8OpApMwOzstXxZp0dxf4DSsJ+ljU="
                },
                "chainType": 2,
                "messageKeys": {}
              },
              "BZGWxDrBV5blZOlDDsjy/w1BIm80tMrzK/W/cE7hFQlr": {
                "chainKey": {
                  "counter": -1,
                  "key": "RTxHBzaeB4AuvMcrIJ13VvwoUkmUal6BfZ8c1u6iK0Y="
                },
                "chainType": 1,
                "messageKeys": {}
              }
            }
          }
        },
        "version": "v1"
      },
      "6281213776227.0": {
        "_sessions": {
          "BYUAszmuAbHuijdtYwJlgjasVKVsQil9epSketrLOsUs": {
            "registrationId": 56576048,
            "currentRatchet": {
              "ephemeralKeyPair": {
                "pubKey": "BXnRLo0gqALM1sRzASpYxksSkY9+ZFybq1hqhazUZycn",
                "privKey": "wBN3OwYUbx0tQ5i8sGfWxJP3LIvVFAXKjI0mQaxlx18="
              },
              "lastRemoteEphemeralKey": "BeAywFbTbOdbQFOHLQzYKsliomHa4LLXt8Dc6NsX3Jhg",
              "previousCounter": 0,
              "rootKey": "u1NQQzisHAWGksRkAIDQq73SAI2E5BN3vMP5JcVpYWc="
            },
            "indexInfo": {
              "baseKey": "BYUAszmuAbHuijdtYwJlgjasVKVsQil9epSketrLOsUs",
              "baseKeyType": 1,
              "closed": -1,
              "used": 1660736862085,
              "created": 1660736862085,
              "remoteIdentityKey": "BWMo0TG3uv+eYMDj+WXMuvb79un3ih4dcK3ox+da9tRy"
            },
            "_chains": {
              "BXnRLo0gqALM1sRzASpYxksSkY9+ZFybq1hqhazUZycn": {
                "chainKey": {
                  "counter": 1,
                  "key": "M+Qt0m13kKk3eyw/J7cULaLouSPlkYEKiX8OKVzRQh0="
                },
                "chainType": 1,
                "messageKeys": {}
              }
            },
            "pendingPreKey": {
              "signedKeyId": 6,
              "baseKey": "BYUAszmuAbHuijdtYwJlgjasVKVsQil9epSketrLOsUs",
              "preKeyId": 14174605
            }
          }
        },
        "version": "v1"
      },
      "6281393488841.0": {
        "_sessions": {
          "BYJ1jvHOatUnWMJxfwqaR48bN4TDJ2ZcKjJQSp3sIYx+": {
            "registrationId": 1372999881,
            "currentRatchet": {
              "ephemeralKeyPair": {
                "pubKey": "Bc7VWNDe+8Bastbe17uqTK6X1BjO0Jnr3FDWlp+wt8da",
                "privKey": "IM9QXsAvUrjtULpv4+rL+ca1v+/IT+RiY0YsURQLkGc="
              },
              "lastRemoteEphemeralKey": "BRFf7TpAj+FxdbYfTrvRFKuyK5YhOiitHQWFcENlZeQ7",
              "previousCounter": 0,
              "rootKey": "Z31awGdrsVEfnm058pWoKTNDofnB9lr4wJ+nKhZuEWU="
            },
            "indexInfo": {
              "baseKey": "BYJ1jvHOatUnWMJxfwqaR48bN4TDJ2ZcKjJQSp3sIYx+",
              "baseKeyType": 1,
              "closed": -1,
              "used": 1660736862110,
              "created": 1660736862110,
              "remoteIdentityKey": "BZHhxWgpqy5pXvMZqseW/VwINpzMpuBV3gguKXK4qfYe"
            },
            "_chains": {
              "Bc7VWNDe+8Bastbe17uqTK6X1BjO0Jnr3FDWlp+wt8da": {
                "chainKey": {
                  "counter": 1,
                  "key": "cRNJTrzY2qxhaiXL8/ed2qsupbmnTsl4MRyQ1O/jsR8="
                },
                "chainType": 1,
                "messageKeys": {}
              }
            },
            "pendingPreKey": {
              "signedKeyId": 0,
              "baseKey": "BYJ1jvHOatUnWMJxfwqaR48bN4TDJ2ZcKjJQSp3sIYx+",
              "preKeyId": 10843376
            }
          }
        },
        "version": "v1"
      },
      "6282116321630.0": {
        "_sessions": {
          "Beuw6kkYjteuE6Fv7UxTdX+E6uYbvb6+ReSXgO8YaFgp": {
            "registrationId": 1263821109,
            "currentRatchet": {
              "ephemeralKeyPair": {
                "pubKey": "BVedhmK8Ijxr2J+wpTpJ7F6BfumYMjxUCZ0atm4utoss",
                "privKey": "CPd1ZggG7Qvjl9sDgouNW6k3XN6Q9WbnOVLxAvZrCHs="
              },
              "lastRemoteEphemeralKey": "BTXtzaLFHMQ2IrOwhCUOW0SK5tGi3woK24ta5HGCOBZO",
              "previousCounter": 0,
              "rootKey": "cBGWDuyv4TOgSW5EnM4OoQEfQrTIFQ4kNyiVPJlccTA="
            },
            "indexInfo": {
              "baseKey": "Beuw6kkYjteuE6Fv7UxTdX+E6uYbvb6+ReSXgO8YaFgp",
              "baseKeyType": 1,
              "closed": -1,
              "used": 1660736862132,
              "created": 1660736862132,
              "remoteIdentityKey": "BRgVyT0PEv2+C3pyF4TLhKSmpvSdNI15NjVi4vtuDsUb"
            },
            "_chains": {
              "BVedhmK8Ijxr2J+wpTpJ7F6BfumYMjxUCZ0atm4utoss": {
                "chainKey": {
                  "counter": 1,
                  "key": "eZTLFGrPTR0QttihgJ0pHYd05XIaGLPIJ+PFGiJPfbo="
                },
                "chainType": 1,
                "messageKeys": {}
              }
            },
            "pendingPreKey": {
              "signedKeyId": 0,
              "baseKey": "Beuw6kkYjteuE6Fv7UxTdX+E6uYbvb6+ReSXgO8YaFgp",
              "preKeyId": 9727609
            }
          }
        },
        "version": "v1"
      },
      "6282137745216.0": {
        "_sessions": {
          "BTzQ3FoPYdragzWzXFTsWGJVKabQXUDq2SLSZ5JAPMFN": {
            "registrationId": 1800830023,
            "currentRatchet": {
              "ephemeralKeyPair": {
                "pubKey": "BR0q57E/ltmkr66X/JFUYEDZE1cg9IqJmOv4CI3i5Z4r",
                "privKey": "cCiwNMjPOd9WzxecNk2RTbHpfLtQ+6rVKYoA1ZALV0U="
              },
              "lastRemoteEphemeralKey": "BdQgSWhOTDoWTnSO99miq1Ex8Y0J9gfLju4Jpt+SSCpL",
              "previousCounter": 0,
              "rootKey": "KGno54tMbCtI0khxK7BXFqwNCgeOclTW0htijhtZZV8="
            },
            "indexInfo": {
              "baseKey": "BTzQ3FoPYdragzWzXFTsWGJVKabQXUDq2SLSZ5JAPMFN",
              "baseKeyType": 1,
              "closed": -1,
              "used": 1660736862153,
              "created": 1660736862153,
              "remoteIdentityKey": "BRBrdhvcP8nUnPxUwZKrNg4QXQ3Z6hCMta0Xwq21dIko"
            },
            "_chains": {
              "BR0q57E/ltmkr66X/JFUYEDZE1cg9IqJmOv4CI3i5Z4r": {
                "chainKey": {
                  "counter": 1,
                  "key": "6VTBuo0mbkZOpLuYvSAqynK2kvRpciz9Y7s7GUNGWx0="
                },
                "chainType": 1,
                "messageKeys": {}
              }
            },
            "pendingPreKey": {
              "signedKeyId": 3,
              "baseKey": "BTzQ3FoPYdragzWzXFTsWGJVKabQXUDq2SLSZ5JAPMFN",
              "preKeyId": 7722455
            }
          }
        },
        "version": "v1"
      },
      "6283848574563.0": {
        "_sessions": {
          "BUXTKoT7nGpvEnBpag690u5vZl0/7u6VUIxjV3a5miRj": {
            "registrationId": 729116645,
            "currentRatchet": {
              "ephemeralKeyPair": {
                "pubKey": "BbEBFthLSlpjFIeg+zR/6ruromxvKID/BzIeKWyOQkIj",
                "privKey": "cAuJ6eZ62UQNb9VuGDUqP72hz2eSPyF+EuBbRqdTdXQ="
              },
              "lastRemoteEphemeralKey": "BdVIy3fjjEf5pufF87h1JT1yrUiI6ub4qkQ4gO/GmixO",
              "previousCounter": 0,
              "rootKey": "Yda4201RCSZAfbOrS/ZTPLq1iSllzqgyJMMJ2kDO0eU="
            },
            "indexInfo": {
              "baseKey": "BUXTKoT7nGpvEnBpag690u5vZl0/7u6VUIxjV3a5miRj",
              "baseKeyType": 1,
              "closed": -1,
              "used": 1660746520856,
              "created": 1660736862172,
              "remoteIdentityKey": "BVpzFPS5JSw4kMi0GGFAP9In7AgBRkCGuk2qqseMXcI9"
            },
            "_chains": {
              "BYSok7juls/86amAvfJhcl8Ece9dr1RKPszEut73+0pl": {
                "chainKey": {
                  "counter": 0
                },
                "chainType": 2,
                "messageKeys": {}
              },
              "BXl4oinzHfUYFYbM1SyXFiwI+TE/mW4lQc0zTt4zih15": {
                "chainKey": {
                  "counter": 0
                },
                "chainType": 2,
                "messageKeys": {}
              },
              "BdVIy3fjjEf5pufF87h1JT1yrUiI6ub4qkQ4gO/GmixO": {
                "chainKey": {
                  "counter": 1,
                  "key": "4/RcVoBobQjlFGSMFUDpx+h8qtEhK/Txja4ywNLwmGc="
                },
                "chainType": 2,
                "messageKeys": {}
              },
              "BbEBFthLSlpjFIeg+zR/6ruromxvKID/BzIeKWyOQkIj": {
                "chainKey": {
                  "counter": -1,
                  "key": "Qi6FcX+5m8iAZ5NPbnOEkQ088Ve5mMdbKgTUYkxadJw="
                },
                "chainType": 1,
                "messageKeys": {}
              }
            }
          }
        },
        "version": "v1"
      },
      "6283865012532.0": {
        "_sessions": {
          "BV6A+dFtn3dBu3rXHuho6i/LbHNWwknhfm5Ct1mmLjto": {
            "registrationId": 445222841,
            "currentRatchet": {
              "ephemeralKeyPair": {
                "pubKey": "Bb7sJ+B/KkUtmeum11NNkZlHijA+BD2ZO27xnKd8Jjcr",
                "privKey": "sJVRkK8Cblw9u/lgmqsxUo8X94bMi40M04QwmDWqkmU="
              },
              "lastRemoteEphemeralKey": "BV5LF6RvhbGqvyfrvQQt5fSMK9M1ArCfyHsvTVPxvLIY",
              "previousCounter": 0,
              "rootKey": "ukRXG8wsmEY9kDYMA/O2tU4EWCOwMBZnhU2ue3QR870="
            },
            "indexInfo": {
              "baseKey": "BV6A+dFtn3dBu3rXHuho6i/LbHNWwknhfm5Ct1mmLjto",
              "baseKeyType": 1,
              "closed": -1,
              "used": 1660736862190,
              "created": 1660736862190,
              "remoteIdentityKey": "BWu3od8zbL9dVtPRx+lJFVhS0+7v0j0AGINRAeVa/SQg"
            },
            "_chains": {
              "Bb7sJ+B/KkUtmeum11NNkZlHijA+BD2ZO27xnKd8Jjcr": {
                "chainKey": {
                  "counter": 2,
                  "key": "U8/0iaYnxXTczcrD8p1zke4V83pimbOcs9sqcIASbRo="
                },
                "chainType": 1,
                "messageKeys": {}
              }
            },
            "pendingPreKey": {
              "signedKeyId": 1,
              "baseKey": "BV6A+dFtn3dBu3rXHuho6i/LbHNWwknhfm5Ct1mmLjto",
              "preKeyId": 1673340
            }
          }
        },
        "version": "v1"
      },
      "6285163139668.0": {
        "_sessions": {
          "BWKY8aOjGaY+UjL0rDwYACIGsbaX1JtZ7kcaIpV0nbw9": {
            "registrationId": 1185368413,
            "currentRatchet": {
              "ephemeralKeyPair": {
                "pubKey": "BVzTYz/NfY90lG/ivQO+dqpaEJjH5dlKHWRrgD+f5gZR",
                "privKey": "YNwwesh99lHZCpyxSn7qJatidQ4o2OrWaR3eQifvv0E="
              },
              "lastRemoteEphemeralKey": "BW4jZG81ZpjHpwcWrNbGnP+cAk6tJ2IeT2eO/HRAbwBy",
              "previousCounter": 1,
              "rootKey": "46kq2ZQV2lVNl1pasmIrUTKZiHo4C+UEsCrwJZEa0wU="
            },
            "indexInfo": {
              "baseKey": "BWKY8aOjGaY+UjL0rDwYACIGsbaX1JtZ7kcaIpV0nbw9",
              "baseKeyType": 1,
              "closed": -1,
              "used": 1660750175028,
              "created": 1660736862208,
              "remoteIdentityKey": "BejuZeC61xbltaJvG8s/MPoRp7Da7a2xSHhmO6XyezER"
            },
            "_chains": {
              "BW4jZG81ZpjHpwcWrNbGnP+cAk6tJ2IeT2eO/HRAbwBy": {
                "chainKey": {
                  "counter": 0,
                  "key": "shPEejXfE0U4/XGy2OgJoo0MPgC3Kxc9hpJexj2iTpM="
                },
                "chainType": 2,
                "messageKeys": {}
              },
              "BVzTYz/NfY90lG/ivQO+dqpaEJjH5dlKHWRrgD+f5gZR": {
                "chainKey": {
                  "counter": -1,
                  "key": "cXKCpRUbJRKlSw8ZFZV6yttFL4FIYJJcDbsJrycFmO4="
                },
                "chainType": 1,
                "messageKeys": {}
              }
            }
          }
        },
        "version": "v1"
      },
      "6285339476183.0": {
        "_sessions": {
          "BU1pvTgPJbh4j1kcjrvKcZeaggU8QE6MxFtcnbpgSWh/": {
            "registrationId": 2119295467,
            "currentRatchet": {
              "ephemeralKeyPair": {
                "pubKey": "BUI7FsNQItFGGqNp/xXpAD8pHa10J0TaWieYAn9stV93",
                "privKey": "CJJ6G7783AjWbmJUlNBVLegPxt7oF+BYIlDgoHUMiH0="
              },
              "lastRemoteEphemeralKey": "BV8LTHJht6SmNQByWA8Va9EERFYHsy4iVNEJiPa29hIZ",
              "previousCounter": 0,
              "rootKey": "Z5n4kAWQjY4lb5y46bv1EVwdGXFnf89nh6RGQeWdTg4="
            },
            "indexInfo": {
              "baseKey": "BU1pvTgPJbh4j1kcjrvKcZeaggU8QE6MxFtcnbpgSWh/",
              "baseKeyType": 1,
              "closed": -1,
              "used": 1660736862227,
              "created": 1660736862227,
              "remoteIdentityKey": "BUbjwtLf940QG1N3PRw/KKkNGe/G+SkdW+pX5wC/o9QE"
            },
            "_chains": {
              "BUI7FsNQItFGGqNp/xXpAD8pHa10J0TaWieYAn9stV93": {
                "chainKey": {
                  "counter": 1,
                  "key": "iz87hfp8LkjFIlFqg2rtbPn4zr2QTYfjeAu1FOYwLX0="
                },
                "chainType": 1,
                "messageKeys": {}
              }
            },
            "pendingPreKey": {
              "signedKeyId": 15,
              "baseKey": "BU1pvTgPJbh4j1kcjrvKcZeaggU8QE6MxFtcnbpgSWh/",
              "preKeyId": 6652290
            }
          }
        },
        "version": "v1"
      },
      "6285643325874.0": {
        "_sessions": {
          "BUgMPyyH3/4lg44df2jgUDXxeGAdO8dTRL4VUnPMMrBs": {
            "registrationId": 1268197204,
            "currentRatchet": {
              "ephemeralKeyPair": {
                "pubKey": "BUlnu4Gh60qHtSBZKLT3kRiauFTGcTfoIsE8S16UhGBg",
                "privKey": "IDlOtq4vR974d1d/JLdAgcdSlQTBONZlnj3N541Ql0M="
              },
              "lastRemoteEphemeralKey": "BTRpWQEL9JpqO4RPGOZwarea4BFoSOpb9o2vLLCVrJBs",
              "previousCounter": 0,
              "rootKey": "6x9gWGT+szYpccgAeX6bnM4toPjI163EnL/7mdXfVt0="
            },
            "indexInfo": {
              "baseKey": "BUgMPyyH3/4lg44df2jgUDXxeGAdO8dTRL4VUnPMMrBs",
              "baseKeyType": 1,
              "closed": -1,
              "used": 1660737416795,
              "created": 1660736862246,
              "remoteIdentityKey": "BQBLw1Pwy28k6zlFdcDfHTpCe/mrckMoIUAx7zCQQ8pe"
            },
            "_chains": {
              "BTRpWQEL9JpqO4RPGOZwarea4BFoSOpb9o2vLLCVrJBs": {
                "chainKey": {
                  "counter": 0,
                  "key": "UgK1xqRzIimObfQmmTxIvt3lBLbmrFe7DeX/mYEpnM8="
                },
                "chainType": 2,
                "messageKeys": {}
              },
              "BUlnu4Gh60qHtSBZKLT3kRiauFTGcTfoIsE8S16UhGBg": {
                "chainKey": {
                  "counter": 0,
                  "key": "13QKq8DZtTQDNjOnrA8PeFXlK7QQWDB1ES+T1ZNWHXA="
                },
                "chainType": 1,
                "messageKeys": {}
              }
            }
          }
        },
        "version": "v1"
      },
      "6285707039179.0": {
        "_sessions": {
          "BW6YpKIA0S3Fnk/RvbrvT/BDtJyzFFmwwgQ1ARdoDj4l": {
            "registrationId": 827935447,
            "currentRatchet": {
              "ephemeralKeyPair": {
                "pubKey": "BdKqLx7ncGe3BmHKxEGfmeyyXtMFT/b/VcXRiFMqQZlO",
                "privKey": "CO0MHkYXYRtnAvxUPIxS7yO4Xw48nRWSmjJjIbNuHkE="
              },
              "lastRemoteEphemeralKey": "BZTm6fpZAyU6KnhJ4jwRS8qNlU/6LPmqCIkQhsimQhdA",
              "previousCounter": 0,
              "rootKey": "/zgGibGGZWo5+SrPLVpRVyvsk+m3dNXvhG6FSVgzMpg="
            },
            "indexInfo": {
              "baseKey": "BW6YpKIA0S3Fnk/RvbrvT/BDtJyzFFmwwgQ1ARdoDj4l",
              "baseKeyType": 1,
              "closed": -1,
              "used": 1660736862263,
              "created": 1660736862263,
              "remoteIdentityKey": "BdFaFEcvXueabPEds5jEgVm2DRd6uRvkZe+Xq4isEsZy"
            },
            "_chains": {
              "BdKqLx7ncGe3BmHKxEGfmeyyXtMFT/b/VcXRiFMqQZlO": {
                "chainKey": {
                  "counter": 1,
                  "key": "CSHPXznZLU+L+yfMBSkjzsJk/soSGftbQwFR03HBo/s="
                },
                "chainType": 1,
                "messageKeys": {}
              }
            },
            "pendingPreKey": {
              "signedKeyId": 1,
              "baseKey": "BW6YpKIA0S3Fnk/RvbrvT/BDtJyzFFmwwgQ1ARdoDj4l",
              "preKeyId": 10473020
            }
          }
        },
        "version": "v1"
      },
      "6285716683182.0": {
        "_sessions": {
          "BUYbLBEZ4IuIA13wqjaNFG3DnFmh4wWYAhKgiZz0GYoh": {
            "registrationId": 54384878,
            "currentRatchet": {
              "ephemeralKeyPair": {
                "pubKey": "BWIss9y0ZxMEiRHTRiCjBzuFyd67C2sZ4gI4xKCIV5sw",
                "privKey": "CPayWwVeOVUTXGlgLGfwhQy/XXJs3c7bmVjw/sY73mQ="
              },
              "lastRemoteEphemeralKey": "Bdq+dQC5urhGI45AqiJAm/vsTCfOv3shD8tuWxdlTN1x",
              "previousCounter": 0,
              "rootKey": "4E/I2kQfpfw9CznRTDpaPvN9Q1bIqnQ7M0kHFhAeIcQ="
            },
            "indexInfo": {
              "baseKey": "BUYbLBEZ4IuIA13wqjaNFG3DnFmh4wWYAhKgiZz0GYoh",
              "baseKeyType": 1,
              "closed": -1,
              "used": 1660750156579,
              "created": 1660736862280,
              "remoteIdentityKey": "BdC7cWbCaav7dbVGWZs+oqCpclPBm7/Z15tiPgWFFNgK"
            },
            "_chains": {
              "BajHdkUMAFuMkJmOY6MWAXqUjYQIDVnZudNwTvcJSvBi": {
                "chainKey": {
                  "counter": 0
                },
                "chainType": 2,
                "messageKeys": {}
              },
              "Bdq+dQC5urhGI45AqiJAm/vsTCfOv3shD8tuWxdlTN1x": {
                "chainKey": {
                  "counter": 2,
                  "key": "R8YfMrx8tfrrK/jo5/rNoo7xrM+Iv+QlwbR8tp3EsBw="
                },
                "chainType": 2,
                "messageKeys": {}
              },
              "BWIss9y0ZxMEiRHTRiCjBzuFyd67C2sZ4gI4xKCIV5sw": {
                "chainKey": {
                  "counter": -1,
                  "key": "jnAwWMy/+nTtGWXNLIZ/Vu+ppEtjW5FTr7Ce0Ut9PA0="
                },
                "chainType": 1,
                "messageKeys": {}
              }
            }
          }
        },
        "version": "v1"
      },
      "6285803096399.0": {
        "_sessions": {
          "Bdm6EQe8OU8VoGInCtnESinGj2nRxz9+KWo6DgnFHYl4": {
            "registrationId": 1245026776,
            "currentRatchet": {
              "ephemeralKeyPair": {
                "pubKey": "BfSl1T9WIQ/dASQRN+pur6yUMR7drVZEd8seKVcGkDEu",
                "privKey": "YCRn9ONru0wTbznHbsmILYYIjzZ3WGaoPyQUVIUcY3o="
              },
              "lastRemoteEphemeralKey": "BaOxmdu2Ol7iHBxUvxTNsRDLdE5Ghq23Otn3v+wTdl5n",
              "previousCounter": 1,
              "rootKey": "IANUys+E9xBbCtPtEiF20NYioQLmA2xO7DFUrSdJVxo="
            },
            "indexInfo": {
              "baseKey": "Bdm6EQe8OU8VoGInCtnESinGj2nRxz9+KWo6DgnFHYl4",
              "baseKeyType": 1,
              "closed": -1,
              "used": 1660750274463,
              "created": 1660736862297,
              "remoteIdentityKey": "BXuOEVlVX6Y8JdkB8m+ENnwHQHL+g9dRIkOLzluWgC96"
            },
            "_chains": {
              "BaOxmdu2Ol7iHBxUvxTNsRDLdE5Ghq23Otn3v+wTdl5n": {
                "chainKey": {
                  "counter": 0,
                  "key": "JiMdEUB59wvClEZ6hGVYIHg1vNxxnz6EyPexMEfiqj8="
                },
                "chainType": 2,
                "messageKeys": {}
              },
              "BfSl1T9WIQ/dASQRN+pur6yUMR7drVZEd8seKVcGkDEu": {
                "chainKey": {
                  "counter": -1,
                  "key": "hLs0LWtWlpupJHfz2Ixtpf4VgMkGxiUW26tci6EB+5U="
                },
                "chainType": 1,
                "messageKeys": {}
              }
            }
          }
        },
        "version": "v1"
      },
      "6285968102995.0": {
        "_sessions": {
          "BSLy6VWOPNZjNfXw/iIjo9bPf90PrDC/0l1WXrNhEDx9": {
            "registrationId": 744022814,
            "currentRatchet": {
              "ephemeralKeyPair": {
                "pubKey": "BSJIQMp9nJCw46cZMY7J2dhij/EklOomBMceERwGNGlr",
                "privKey": "EEowLk1tz02i561eo+Kg0f8zLyrUeudGfs2u8W7lGGs="
              },
              "lastRemoteEphemeralKey": "BeY0OCsDD3x4XaUmp90i/qK+ylg0bcPZgwMUJW1uoFNS",
              "previousCounter": 0,
              "rootKey": "dylTXsVah/Jy8x2Guc2p9OknQ2A2UqY6iDm3gWL14gs="
            },
            "indexInfo": {
              "baseKey": "BSLy6VWOPNZjNfXw/iIjo9bPf90PrDC/0l1WXrNhEDx9",
              "baseKeyType": 1,
              "closed": -1,
              "used": 1660736862315,
              "created": 1660736862315,
              "remoteIdentityKey": "BQ4vjw57sQwdrNFpI1/6nbs+JC6euLTc96rDYkF0dHUM"
            },
            "_chains": {
              "BSJIQMp9nJCw46cZMY7J2dhij/EklOomBMceERwGNGlr": {
                "chainKey": {
                  "counter": 1,
                  "key": "Zvyy71vUA7OyO8NxR9XWLi8uihevYu7chlXQWf4bIps="
                },
                "chainType": 1,
                "messageKeys": {}
              }
            },
            "pendingPreKey": {
              "signedKeyId": 0,
              "baseKey": "BSLy6VWOPNZjNfXw/iIjo9bPf90PrDC/0l1WXrNhEDx9",
              "preKeyId": 2802915
            }
          }
        },
        "version": "v1"
      },
      "6288261261816.0": {
        "_sessions": {
          "BeYXaYESAq955BMOvGpelan2zS6hKlVcDMler4qtyFUq": {
            "registrationId": 463064882,
            "currentRatchet": {
              "ephemeralKeyPair": {
                "pubKey": "BetteTnZiaLSRNsHP8BP4jN5CZj+Dd7MSZK9VJLQ9qcm",
                "privKey": "IPJwnB41KNU6Sgulr1Vvkjlw4j7JyOHEQ0Z/GdB4qlc="
              },
              "lastRemoteEphemeralKey": "BRxF7dMgT2FaQPkWADljt8lQPtDnzoe0kfysA96nn2Yf",
              "previousCounter": 0,
              "rootKey": "3Jn57mSBk8Qac0ltFO7NQ6CnQI9NuYTLex1Y5bjAIfE="
            },
            "indexInfo": {
              "baseKey": "BeYXaYESAq955BMOvGpelan2zS6hKlVcDMler4qtyFUq",
              "baseKeyType": 1,
              "closed": -1,
              "used": 1660736862333,
              "created": 1660736862333,
              "remoteIdentityKey": "BWJKMspuwUG2Fpfzkzdq+bVVaq0KIXk6QoW26QRRC3hl"
            },
            "_chains": {
              "BetteTnZiaLSRNsHP8BP4jN5CZj+Dd7MSZK9VJLQ9qcm": {
                "chainKey": {
                  "counter": 1,
                  "key": "UeOs6EA+D1jKE8Y0NYBO1lRqRcHVdS3XENrmoaI4CdU="
                },
                "chainType": 1,
                "messageKeys": {}
              }
            },
            "pendingPreKey": {
              "signedKeyId": 1,
              "baseKey": "BeYXaYESAq955BMOvGpelan2zS6hKlVcDMler4qtyFUq",
              "preKeyId": 3986737
            }
          }
        },
        "version": "v1"
      },
      "6289503864168.0": {
        "_sessions": {
          "BS62UDhsG5epjYqa+Ruz+ztdVfzG8kmcEtYr4jLOQ88U": {
            "registrationId": 1070910765,
            "currentRatchet": {
              "ephemeralKeyPair": {
                "pubKey": "Be9nl2q8kSNZcLxTzFxcmbDogmeswrkyDyDv+tphvYgG",
                "privKey": "CFrmSbNIT2tGgAo2SR5oBiu4clJ/myI/Gt8Y9J2KykY="
              },
              "lastRemoteEphemeralKey": "BQ70CrB/WKz/ZNmpAvnQJk1KHortxP16uT8B6kF0Xzpt",
              "previousCounter": 0,
              "rootKey": "P/R/Xy4ndgkHsPLYIsshX7Kp2v1bVOMvjzHeC96N4RA="
            },
            "indexInfo": {
              "baseKey": "BS62UDhsG5epjYqa+Ruz+ztdVfzG8kmcEtYr4jLOQ88U",
              "baseKeyType": 1,
              "closed": -1,
              "used": 1660736862351,
              "created": 1660736862351,
              "remoteIdentityKey": "BXmkZl2mnUzBjNkxoKlX/gag2SRMLBFx7aGPwpWKDlF9"
            },
            "_chains": {
              "Be9nl2q8kSNZcLxTzFxcmbDogmeswrkyDyDv+tphvYgG": {
                "chainKey": {
                  "counter": 1,
                  "key": "pQY/JkNU9oftPmP/9jlZZs4iXt+PcaY6KRrL7vsyL78="
                },
                "chainType": 1,
                "messageKeys": {}
              }
            },
            "pendingPreKey": {
              "signedKeyId": 0,
              "baseKey": "BS62UDhsG5epjYqa+Ruz+ztdVfzG8kmcEtYr4jLOQ88U",
              "preKeyId": 5515968
            }
          }
        },
        "version": "v1"
      },
      "6289669615231.0": {
        "_sessions": {
          "Ba+sD/EWtFvvm8KL4YOetSOGhzLjkehWsxZepvcAb9ls": {
            "registrationId": 813891065,
            "currentRatchet": {
              "ephemeralKeyPair": {
                "pubKey": "BQxowLg0PKamxsf4miS3sMFBd+e/lIynallAsw+PXBA0",
                "privKey": "cKbC83iBuksXlkHS80lGJBuEqbL2UyfdCsBqgLsLwko="
              },
              "lastRemoteEphemeralKey": "BTuinG8XPS9mwxBZ6l3DohuanZjtteNaEZYiPjgQlz8w",
              "previousCounter": 0,
              "rootKey": "0qT2F2DmxdBaED6nGksyLMRUfjAPDoNiBOr/oivMZxQ="
            },
            "indexInfo": {
              "baseKey": "Ba+sD/EWtFvvm8KL4YOetSOGhzLjkehWsxZepvcAb9ls",
              "baseKeyType": 1,
              "closed": -1,
              "used": 1660736862370,
              "created": 1660736862370,
              "remoteIdentityKey": "BYb02AYoEmxrMboF9lusg0xuO9vS4Fx+ieSaTKL4xxR+"
            },
            "_chains": {
              "BQxowLg0PKamxsf4miS3sMFBd+e/lIynallAsw+PXBA0": {
                "chainKey": {
                  "counter": 1,
                  "key": "dnP/C/Si94luEU2mvl8uojBVz01eLz0gVDg2BSAER4c="
                },
                "chainType": 1,
                "messageKeys": {}
              }
            },
            "pendingPreKey": {
              "signedKeyId": 2,
              "baseKey": "Ba+sD/EWtFvvm8KL4YOetSOGhzLjkehWsxZepvcAb9ls",
              "preKeyId": 6630667
            }
          }
        },
        "version": "v1"
      },
      "6289673870423.0": {
        "_sessions": {
          "BX3cM0MXC8zfhcAjE7nVQn41MGm9vrrXKZKttSswcR8R": {
            "registrationId": 831668115,
            "currentRatchet": {
              "ephemeralKeyPair": {
                "pubKey": "BYNi9e3jVabT8Y/8yvOKdKEMhYEIJ240Y/oMlnf9HJ8v",
                "privKey": "IFVhz+EcnqF6EA1O7o+3GBxWEczSnef9XDTTMc8rjHM="
              },
              "lastRemoteEphemeralKey": "BZ9Rp1e4n0sAFN5LQ3i8zd7UzK4SZS7edGSTlYoGD1Zs",
              "previousCounter": 0,
              "rootKey": "fGWk1XSpON2Yb2qCT0QETbI0BoEM7eGEioSCVFKTD14="
            },
            "indexInfo": {
              "baseKey": "BX3cM0MXC8zfhcAjE7nVQn41MGm9vrrXKZKttSswcR8R",
              "baseKeyType": 1,
              "closed": -1,
              "used": 1660780771375,
              "created": 1660736862388,
              "remoteIdentityKey": "BTFA+zkWufkS7kf6FZNOzv7aAtGog5TdcqYzB98OkVIk"
            },
            "_chains": {
              "BbffrBphWccKWLIs/6vEqa4KabcVkxsJu+IsQiLVDjR3": {
                "chainKey": {
                  "counter": 0
                },
                "chainType": 2,
                "messageKeys": {}
              },
              "BZ9Rp1e4n0sAFN5LQ3i8zd7UzK4SZS7edGSTlYoGD1Zs": {
                "chainKey": {
                  "counter": 7,
                  "key": "vcwP6oyfnsbUCXzjdmNqV9VQbF+C9UI/gaZSe8Dj5+k="
                },
                "chainType": 2,
                "messageKeys": {}
              },
              "BYNi9e3jVabT8Y/8yvOKdKEMhYEIJ240Y/oMlnf9HJ8v": {
                "chainKey": {
                  "counter": -1,
                  "key": "wl4bmhzsxJBEK2SLGTWU4o3I30v5LSIA6v5ZbOFYinA="
                },
                "chainType": 1,
                "messageKeys": {}
              }
            }
          }
        },
        "version": "v1"
      },
      "6283899108049.0": {
        "_sessions": {
          "BcaIEzpo7nWOr4mlQZ9VlJh3YKn0gCCdqup2oT4yuiUb": {
            "registrationId": 948605284,
            "currentRatchet": {
              "ephemeralKeyPair": {
                "pubKey": "BQiIXryTIKoD2ILmMxFuTyJwYDHTiREsmhAysO0NFOY3",
                "privKey": "CIxgOYGvS6HaLgNQ5VCchMxja+DCjUxb5JvtkoLy42o="
              },
              "lastRemoteEphemeralKey": "BU2NdZYJPmoIoDLiHY84Dw7TiWTNrv+0ed7T38VpMCJ+",
              "previousCounter": 1,
              "rootKey": "P0uPQSEoH7ouZg0EXRtkF2T6BhhhI+YNu10LYttPZhs="
            },
            "indexInfo": {
              "baseKey": "BcaIEzpo7nWOr4mlQZ9VlJh3YKn0gCCdqup2oT4yuiUb",
              "baseKeyType": 1,
              "closed": -1,
              "used": 1660737431697,
              "created": 1660737378008,
              "remoteIdentityKey": "BeAKnD9enrieVCbJqZmsV7UuD+7kUc0cQvIa+A7ewgh1"
            },
            "_chains": {
              "BU2NdZYJPmoIoDLiHY84Dw7TiWTNrv+0ed7T38VpMCJ+": {
                "chainKey": {
                  "counter": 0,
                  "key": "DLo49lHdHro/nJ23VPWJneXD+eYuK12BfMxX/Vhk7vc="
                },
                "chainType": 2,
                "messageKeys": {}
              },
              "BQiIXryTIKoD2ILmMxFuTyJwYDHTiREsmhAysO0NFOY3": {
                "chainKey": {
                  "counter": 0,
                  "key": "s5HXUFZ7twaQQdaJD+uze4BONgVNgDYe7DDaGbXeVfE="
                },
                "chainType": 1,
                "messageKeys": {}
              }
            }
          }
        },
        "version": "v1"
      },
      "6285891634201.0": {
        "_sessions": {
          "BagJULouXxDDUILkG1wWtnbYe3cN9u8uWi2jxW+Jq28c": {
            "registrationId": 752564491,
            "currentRatchet": {
              "ephemeralKeyPair": {
                "pubKey": "BYKtESzoZ0SnbfFFQCPlyOU250MAgQFpXgqafhz8jr9w",
                "privKey": "6A6RJaazqnivv57blCTv2h10PaIfIKuBfOWZrJ1o+Wk="
              },
              "lastRemoteEphemeralKey": "BYmVF4QkTK7FsiO5nqTZtY4i45aHlSeFAS66cEtqaghJ",
              "previousCounter": 0,
              "rootKey": "E8/29PitcOy/8gEp/AOH07yNFE/0pBSxnz2znPeatzY="
            },
            "indexInfo": {
              "baseKey": "BagJULouXxDDUILkG1wWtnbYe3cN9u8uWi2jxW+Jq28c",
              "baseKeyType": 2,
              "closed": -1,
              "used": 1660737436770,
              "created": 1660737436770,
              "remoteIdentityKey": "BVd4TkIQC4eN+2BntEFKYg0HC4mQvPQFHNl/B2W/NDxd"
            },
            "_chains": {
              "BYmVF4QkTK7FsiO5nqTZtY4i45aHlSeFAS66cEtqaghJ": {
                "chainKey": {
                  "counter": 3,
                  "key": "XpXdAEA1Pd8FC6d5tkEZWl5jgpXvQsmZSfX3ouQ0tyY="
                },
                "chainType": 2,
                "messageKeys": {}
              },
              "BYKtESzoZ0SnbfFFQCPlyOU250MAgQFpXgqafhz8jr9w": {
                "chainKey": {
                  "counter": -1,
                  "key": "4fvKRQnK/kgrHXN5HCOLHUrb2LwpRYhnKIpchbXIEuI="
                },
                "chainType": 1,
                "messageKeys": {}
              }
            }
          }
        },
        "version": "v1"
      },
      "6285298434711:10.0": {
        "_sessions": {
          "BfJrGrrqlt15gZNcS3TeLejSmbogZbiwnKjH0IEaKMtd": {
            "registrationId": 7005,
            "currentRatchet": {
              "ephemeralKeyPair": {
                "pubKey": "BaZk9PxIsIVe89Q6KnpoXCu1XKHaT1yh2Fpxs6ja9KcB",
                "privKey": "GBhb79daHf40RSoUXlF4d6TeLvdloGUe4TJx4tv1g0g="
              },
              "lastRemoteEphemeralKey": "BRZlE6uMgMst/Ato3mBa9uI5rKekyJirbCXQAuWXUwhy",
              "previousCounter": 0,
              "rootKey": "mT8zb5LN74lImEYNrLkpSpDuboZe0ndrAPX3aMb+ePY="
            },
            "indexInfo": {
              "baseKey": "BfJrGrrqlt15gZNcS3TeLejSmbogZbiwnKjH0IEaKMtd",
              "baseKeyType": 1,
              "closed": -1,
              "used": 1660737974134,
              "created": 1660737974134,
              "remoteIdentityKey": "BXxC+A4yDoJYLOtApK7JnBpn9cG1BS1qsMFtgXeHqts9"
            },
            "_chains": {
              "BaZk9PxIsIVe89Q6KnpoXCu1XKHaT1yh2Fpxs6ja9KcB": {
                "chainKey": {
                  "counter": 1,
                  "key": "4dofCD2GaRkgyu4ttUxaCFSZnybcBacepsBpXGLACNY="
                },
                "chainType": 1,
                "messageKeys": {}
              }
            },
            "pendingPreKey": {
              "signedKeyId": 1,
              "baseKey": "BfJrGrrqlt15gZNcS3TeLejSmbogZbiwnKjH0IEaKMtd"
            }
          }
        },
        "version": "v1"
      },
      "6285298434711:19.0": {
        "_sessions": {
          "BaN1foYOv+qf8iidMEwSXDIe0P/r6UgSBGgHvh5+Qc07": {
            "registrationId": 7686,
            "currentRatchet": {
              "ephemeralKeyPair": {
                "pubKey": "BS4QSGobC7Kv6hCCdrm3tyrGU1QknxRPWyNzppWQ+cgy",
                "privKey": "gIlMrVU8ygN+Yl1K8B+DA+G410ql+hoRhW1QQe09e0A="
              },
              "lastRemoteEphemeralKey": "Be1h0afxxOZmmOcHOHB4iUwVsDfAGFyscvFt/tSV7U82",
              "previousCounter": 0,
              "rootKey": "CCPWicSarj15Q9/Em75dgemRcff43OsUtaVImHKYFvQ="
            },
            "indexInfo": {
              "baseKey": "BaN1foYOv+qf8iidMEwSXDIe0P/r6UgSBGgHvh5+Qc07",
              "baseKeyType": 1,
              "closed": -1,
              "used": 1660737974154,
              "created": 1660737974154,
              "remoteIdentityKey": "BS6oFBIFBYu78uYzJ4Kth6BipLXP/DbfxCeupvLmx4EX"
            },
            "_chains": {
              "BS4QSGobC7Kv6hCCdrm3tyrGU1QknxRPWyNzppWQ+cgy": {
                "chainKey": {
                  "counter": 1,
                  "key": "Lh8G3YRPMaU5g85RscP1SoshuD76kTgOGehOiGXS6j4="
                },
                "chainType": 1,
                "messageKeys": {}
              }
            },
            "pendingPreKey": {
              "signedKeyId": 1,
              "baseKey": "BaN1foYOv+qf8iidMEwSXDIe0P/r6UgSBGgHvh5+Qc07"
            }
          }
        },
        "version": "v1"
      },
      "6285298434711:20.0": {
        "_sessions": {
          "BbPYDKPPBCGMUkrNoDBr7klnMBg9y91r+ABu9m4bD3lc": {
            "registrationId": 12745,
            "currentRatchet": {
              "ephemeralKeyPair": {
                "pubKey": "Bbg6x2JbZoa1cMgg59fjUjVW9VFCgCAEUZu7MB30U78d",
                "privKey": "sKnVzxNFdjskFB4r3QuqRIhEa3VtW+71qy3cduhlOX4="
              },
              "lastRemoteEphemeralKey": "BehEzxVjOFX/u/HOixeISpLiQOudcTZRS+5tqfVSqgIw",
              "previousCounter": 0,
              "rootKey": "zw4iWEgvaUeSv5Kf3FTY6mbOdSHIlNHinv4acDCPr5s="
            },
            "indexInfo": {
              "baseKey": "BbPYDKPPBCGMUkrNoDBr7klnMBg9y91r+ABu9m4bD3lc",
              "baseKeyType": 1,
              "closed": -1,
              "used": 1660737974173,
              "created": 1660737974173,
              "remoteIdentityKey": "BWUb7Xws4pHqXt6hzExoUxt0h9a2m5mkUeEkULsGOv9s"
            },
            "_chains": {
              "Bbg6x2JbZoa1cMgg59fjUjVW9VFCgCAEUZu7MB30U78d": {
                "chainKey": {
                  "counter": 1,
                  "key": "IFu6d+gAQ+kO62Lagj/3iKoHEWjxXLqBPgRV8FEERgg="
                },
                "chainType": 1,
                "messageKeys": {}
              }
            },
            "pendingPreKey": {
              "signedKeyId": 1,
              "baseKey": "BbPYDKPPBCGMUkrNoDBr7klnMBg9y91r+ABu9m4bD3lc"
            }
          }
        },
        "version": "v1"
      },
      "6285298434711.0": {
        "_sessions": {
          "BSGcJ0vP7X3VLrWRTXst0Z8DF24uXRE05rxcfL70BV8j": {
            "registrationId": 2139847745,
            "currentRatchet": {
              "ephemeralKeyPair": {
                "pubKey": "BRCIMbwuIwKvNws7TtRP1z051I5ZGKlGjfhzYAGiliN2",
                "privKey": "uLcBxQHMHles5qrz5Ad9Spq9vAATb7oebcDN7kIuYl4="
              },
              "lastRemoteEphemeralKey": "BSUdc3N/nez6hO5DxgaSKFYVml9BDp8S6aQjOHW+QAd7",
              "previousCounter": 0,
              "rootKey": "jDoDLEenq/corc4DuPDTiZ82dURE5tQMnAGC9zxAXDU="
            },
            "indexInfo": {
              "baseKey": "BSGcJ0vP7X3VLrWRTXst0Z8DF24uXRE05rxcfL70BV8j",
              "baseKeyType": 1,
              "closed": -1,
              "used": 1660750088099,
              "created": 1660737974196,
              "remoteIdentityKey": "BTv8Rl4/NYUGqM8jn/lsYfUmzVKvrHA1vR9zuQuR5/p2"
            },
            "_chains": {
              "Bf/gIEXMSBnkw469+MiteblPjNHqhKOUUmo1ed1ZkSxY": {
                "chainKey": {
                  "counter": 0
                },
                "chainType": 2,
                "messageKeys": {}
              },
              "BSUdc3N/nez6hO5DxgaSKFYVml9BDp8S6aQjOHW+QAd7": {
                "chainKey": {
                  "counter": 0,
                  "key": "gAfSbmza4NAEyKEQv8rDRo1ZcDsLQcd5aAZnZI7S3kE="
                },
                "chainType": 2,
                "messageKeys": {}
              },
              "BRCIMbwuIwKvNws7TtRP1z051I5ZGKlGjfhzYAGiliN2": {
                "chainKey": {
                  "counter": -1,
                  "key": "+c0duP4XzXxSVPT1dh3Jkm0MoGFvIHFChfqWraKol5M="
                },
                "chainType": 1,
                "messageKeys": {}
              }
            }
          }
        },
        "version": "v1"
      },
      "6282269573906.0": {
        "_sessions": {
          "BYRRq1s35EmtbR8C+FkM9o/53aAItAWOVZzeYFDd1+QI": {
            "registrationId": 1405811234,
            "currentRatchet": {
              "ephemeralKeyPair": {
                "pubKey": "BcjaLzhIsUvmdooD7NS0xhJUmIeQMPbkQoHOgTZ6ebMo",
                "privKey": "GAw18u/pwL3llfTXMgG3J6mk87XduFAHy9XoLH3vrHQ="
              },
              "lastRemoteEphemeralKey": "BfHoZLFSWA+rCFW+NuEh+lYTi2kXyAr8uMX4tEhaC5s/",
              "previousCounter": 0,
              "rootKey": "1fjPqe0OgsX5fH+ehMc6zOfTJPjeojDwbXYqdMMgWAQ="
            },
            "indexInfo": {
              "baseKey": "BYRRq1s35EmtbR8C+FkM9o/53aAItAWOVZzeYFDd1+QI",
              "baseKeyType": 1,
              "closed": -1,
              "used": 1660740238205,
              "created": 1660738221169,
              "remoteIdentityKey": "BZhn7QrTOIYbqFrrSY89sgv5Zr3ZMptR3pPR9cfqRWJB"
            },
            "_chains": {
              "BRI5JolVu9F6CvSjckZJzjRb1fOlz5T1bbUFMbS5Te4R": {
                "chainKey": {
                  "counter": 0
                },
                "chainType": 2,
                "messageKeys": {}
              },
              "BfHoZLFSWA+rCFW+NuEh+lYTi2kXyAr8uMX4tEhaC5s/": {
                "chainKey": {
                  "counter": 2,
                  "key": "TUd+tpjw0WTUtSmnt1qSAi9H+Et7NYAXmsrzs8Ld92g="
                },
                "chainType": 2,
                "messageKeys": {}
              },
              "BcjaLzhIsUvmdooD7NS0xhJUmIeQMPbkQoHOgTZ6ebMo": {
                "chainKey": {
                  "counter": -1,
                  "key": "roK1dPF5g/yNQ4bpw+GiBiXncOJaos6ug4rlwHCpuxk="
                },
                "chainType": 1,
                "messageKeys": {}
              }
            }
          }
        },
        "version": "v1"
      },
      "6283846708196.0": {
        "_sessions": {
          "BYdtzHGbHLUhhw7oc6Z9NjaFLFF5ihg1FPEFLzZpB4I3": {
            "registrationId": 601729731,
            "currentRatchet": {
              "ephemeralKeyPair": {
                "pubKey": "BdJGC26w2eCUHFTSE/TUQk/RAVBWT69XGduf+QdwNnd7",
                "privKey": "iALtzSqpjP6GnSHbB89bDbMy2F8eC57MEZslJ9eZllU="
              },
              "lastRemoteEphemeralKey": "BfV7jTc8WFjuwOhPVOaAolPk9Ex8WOxAwmUKNaE1U4cY",
              "previousCounter": 0,
              "rootKey": "XbmfMcVHl8dn6xfPGJKgeKiDNkEx13hu+wtsC4Spc7c="
            },
            "indexInfo": {
              "baseKey": "BYdtzHGbHLUhhw7oc6Z9NjaFLFF5ihg1FPEFLzZpB4I3",
              "baseKeyType": 1,
              "closed": 1660738670405,
              "used": 1660738666657,
              "created": 1660738666657,
              "remoteIdentityKey": "BXqdRKQ5X3pM5/vYiDEaRiR9rdX0GPCbKnc9QVGP1icd"
            },
            "_chains": {
              "BdJGC26w2eCUHFTSE/TUQk/RAVBWT69XGduf+QdwNnd7": {
                "chainKey": {
                  "counter": 0,
                  "key": "NVfmIXP1mrh2xdxLR7AYXDCJa7gyNqDL6aOXDVs0kzA="
                },
                "chainType": 1,
                "messageKeys": {}
              }
            },
            "pendingPreKey": {
              "signedKeyId": 1,
              "baseKey": "BYdtzHGbHLUhhw7oc6Z9NjaFLFF5ihg1FPEFLzZpB4I3",
              "preKeyId": 10550369
            }
          },
          "Bf7EoRT6knGvm9CHCHcDFBH9M9VUkA9UlMDI8cMP+EB7": {
            "registrationId": 601729731,
            "currentRatchet": {
              "ephemeralKeyPair": {
                "pubKey": "BWRnAVZ9eQjg0zzbqeHgyyL9yVLQQafA8J9Ruo2kjnhB",
                "privKey": "6Lkxnh8jbqTnqtFh3vsNYqwB6QL0uQVXXkXGXy++anI="
              },
              "lastRemoteEphemeralKey": "BYiWXuI7eD2r9qxNAtG+eQhtKDPgpxKFcI2PDthkX+ZN",
              "previousCounter": 1,
              "rootKey": "lz+SfgtyKMT983u6I8LJL/gTBO2oI3ew3wX/3Xznu9g="
            },
            "indexInfo": {
              "baseKey": "Bf7EoRT6knGvm9CHCHcDFBH9M9VUkA9UlMDI8cMP+EB7",
              "baseKeyType": 1,
              "closed": -1,
              "used": 1660744305563,
              "created": 1660738670392,
              "remoteIdentityKey": "BXqdRKQ5X3pM5/vYiDEaRiR9rdX0GPCbKnc9QVGP1icd"
            },
            "_chains": {
              "BYiWXuI7eD2r9qxNAtG+eQhtKDPgpxKFcI2PDthkX+ZN": {
                "chainKey": {
                  "counter": 3,
                  "key": "LjcdpwF9gdRYazXBcqVVZ4SEHdDH9kubHL22MQ5inv8="
                },
                "chainType": 2,
                "messageKeys": {}
              },
              "BWRnAVZ9eQjg0zzbqeHgyyL9yVLQQafA8J9Ruo2kjnhB": {
                "chainKey": {
                  "counter": -1,
                  "key": "Ha0baxv7jOb5NDu4e0mXabkHjRSVhCoO/QC+ggi0AJo="
                },
                "chainType": 1,
                "messageKeys": {}
              }
            }
          }
        },
        "version": "v1"
      },
      "6285892835582.0": {
        "_sessions": {
          "BaCag3u9bkv+2/MnP6yakmTacUdyh/ctAj0adlZ/ry0D": {
            "registrationId": 1416640372,
            "currentRatchet": {
              "ephemeralKeyPair": {
                "pubKey": "BQ8O24E5y0Wz3AbUVOk/8kDmOu1KICfvQBHJ7I8PzzQv",
                "privKey": "+EO7wj6As04JLm4qrC6zwffc0wVhBogCIFYI+OTCEW8="
              },
              "lastRemoteEphemeralKey": "BceLqYigEaGfhK2J3/Bx32k8hHV6kd7rpL/1RkQwEmYZ",
              "previousCounter": 0,
              "rootKey": "Q6EFtqs26SJo3Bsh3H/Tesx5WrLBspNL9+LF3gJlieY="
            },
            "indexInfo": {
              "baseKey": "BaCag3u9bkv+2/MnP6yakmTacUdyh/ctAj0adlZ/ry0D",
              "baseKeyType": 1,
              "closed": -1,
              "used": 1660739414454,
              "created": 1660739409049,
              "remoteIdentityKey": "BSLFHleAI+DdeAWZMSZIL81ClwVgf0I1YNkRDf9SkZoQ"
            },
            "_chains": {
              "BceLqYigEaGfhK2J3/Bx32k8hHV6kd7rpL/1RkQwEmYZ": {
                "chainKey": {
                  "counter": 0,
                  "key": "7RyX2TSh2Y3Sg4T3fh6mm9W4BCohnQfCUjo5b+fIKnQ="
                },
                "chainType": 2,
                "messageKeys": {}
              },
              "BQ8O24E5y0Wz3AbUVOk/8kDmOu1KICfvQBHJ7I8PzzQv": {
                "chainKey": {
                  "counter": -1,
                  "key": "9wzs0RFbrmEJaHK4GrktzVQ8TR1fPAi9B3WSTOtNsAY="
                },
                "chainType": 1,
                "messageKeys": {}
              }
            }
          }
        },
        "version": "v1"
      },
      "6283189161878.0": {
        "_sessions": {
          "BTYcmNQohASQlTh1WGSwVU0h6zzbGwbzkGPw2UYL7ApF": {
            "registrationId": 1184687721,
            "currentRatchet": {
              "ephemeralKeyPair": {
                "pubKey": "BQdCyapXWm8dLmrt8g39TA0SR5YHluF9i2KBQGW5GFZT",
                "privKey": "8GZZX0AjIydC6wdabIf+h/vdnRAlZRrM+Fs92Z87E2k="
              },
              "lastRemoteEphemeralKey": "BXbwYuJzgBFiuW68Sy2+r4U9exw5UPrisMvsoXfqkExV",
              "previousCounter": 1,
              "rootKey": "Pbx8Dv78xS9miehx74uiOmiTr6dCacTwHO31rL/ih80="
            },
            "indexInfo": {
              "baseKey": "BTYcmNQohASQlTh1WGSwVU0h6zzbGwbzkGPw2UYL7ApF",
              "baseKeyType": 1,
              "closed": -1,
              "used": 1660740504084,
              "created": 1660739541860,
              "remoteIdentityKey": "BSuLkHDptVskwjnlvaxd0jNBhwk7OWeaFTvuGdrCTgsG"
            },
            "_chains": {
              "BX/FV4EWOJd+HS1CJ9dmFq2eXos7ausLnXY57rxuIclW": {
                "chainKey": {
                  "counter": 1
                },
                "chainType": 2,
                "messageKeys": {}
              },
              "BT8HRVl/kLAJnyk5Mycw80DJxgfPaXREnEJknMipxMUT": {
                "chainKey": {
                  "counter": 0
                },
                "chainType": 2,
                "messageKeys": {}
              },
              "BXbwYuJzgBFiuW68Sy2+r4U9exw5UPrisMvsoXfqkExV": {
                "chainKey": {
                  "counter": 2,
                  "key": "9yu4RiCUEecODvkRGetxt6kPGLWkapEXgDxBPnPtGyg="
                },
                "chainType": 2,
                "messageKeys": {}
              },
              "BQdCyapXWm8dLmrt8g39TA0SR5YHluF9i2KBQGW5GFZT": {
                "chainKey": {
                  "counter": -1,
                  "key": "cfjEV/datV2f/7xZDikoXIlrPah5cYLKgjF0IyAIiBM="
                },
                "chainType": 1,
                "messageKeys": {}
              }
            }
          }
        },
        "version": "v1"
      },
      "6282299577755.0": {
        "_sessions": {
          "BYq6ZuEALfD9YE2Hz+8Pt4AQvCb33KbSmjitTtXNPapM": {
            "registrationId": 1760559877,
            "currentRatchet": {
              "ephemeralKeyPair": {
                "pubKey": "BQ1ha5rA0Ib9/NcQHkskkM9lzNBixsV4pK+s5y2QDX0f",
                "privKey": "cHzfultyed2HiIUXhUEkUD917/HC1AOfzPpS43ivpGw="
              },
              "lastRemoteEphemeralKey": "BU49ysulW6usGiOK8OB+QAO8F8A3uKJzrzwCE+TZDEsb",
              "previousCounter": 0,
              "rootKey": "4puVxu8v27kwJBY1FNOA6BDYxBgA0uVOzhs7uADy5xk="
            },
            "indexInfo": {
              "baseKey": "BYq6ZuEALfD9YE2Hz+8Pt4AQvCb33KbSmjitTtXNPapM",
              "baseKeyType": 2,
              "closed": -1,
              "used": 1660739852264,
              "created": 1660739852264,
              "remoteIdentityKey": "Bd73N8p2fOkwZwKNObGF7kvu+IvGFsjqmtV/Zn2vXQd3"
            },
            "_chains": {
              "BU49ysulW6usGiOK8OB+QAO8F8A3uKJzrzwCE+TZDEsb": {
                "chainKey": {
                  "counter": 2,
                  "key": "9YojZCOa5PNbEsg9BNgDoLyw+jNA0t09H37zMnTq6Tc="
                },
                "chainType": 2,
                "messageKeys": {
                  "1": "J50YhpcHgk9jxxklFA4ncscYoVt2iLGSYiZVewQp2Qc="
                }
              },
              "BQ1ha5rA0Ib9/NcQHkskkM9lzNBixsV4pK+s5y2QDX0f": {
                "chainKey": {
                  "counter": -1,
                  "key": "aghHpeZbhpSB8KPNatHrgdqsMyfxcJesNB8mwSevvzs="
                },
                "chainType": 1,
                "messageKeys": {}
              }
            }
          }
        },
        "version": "v1"
      },
      "6285894768741:1.0": {
        "_sessions": {
          "BfHwJJYXydgHsCgdpSRDgX4jS01r3DtG1J59XOhmGT0H": {
            "registrationId": 64,
            "currentRatchet": {
              "ephemeralKeyPair": {
                "pubKey": "BZZrD85jNh9a37Y865OCYSbAUyCCqoZJcwOhY6L08lk1",
                "privKey": "gLJFC9YwfUKfT8hKMtYSnqpW0L+060tgZBoPQhSBMU0="
              },
              "lastRemoteEphemeralKey": "BfGA6obIbuy4azhkxxkvE6LnaMg8mZRW99g2I1zD+q1H",
              "previousCounter": 0,
              "rootKey": "BPtL7MjMQgdUfMoO+JPSS5kRLq6hw8kg2sL+qL7iBMs="
            },
            "indexInfo": {
              "baseKey": "BfHwJJYXydgHsCgdpSRDgX4jS01r3DtG1J59XOhmGT0H",
              "baseKeyType": 1,
              "closed": -1,
              "used": 1660739933721,
              "created": 1660739933721,
              "remoteIdentityKey": "BWuEZeAJOkq6RJ9W7LK0HrfxEK2nx8xOs3mLRp2+bAIP"
            },
            "_chains": {
              "BZZrD85jNh9a37Y865OCYSbAUyCCqoZJcwOhY6L08lk1": {
                "chainKey": {
                  "counter": 0,
                  "key": "I8p3rQFgfb/4EJwxs/aLlAdt/lnDSzUnQjlSW7H+4ZQ="
                },
                "chainType": 1,
                "messageKeys": {}
              }
            },
            "pendingPreKey": {
              "signedKeyId": 1,
              "baseKey": "BfHwJJYXydgHsCgdpSRDgX4jS01r3DtG1J59XOhmGT0H"
            }
          }
        },
        "version": "v1"
      },
      "6285894768741.0": {
        "_sessions": {
          "BaPvrlQP4cUio63Jp4jTiqZ0/w/XNlFr9aUXDaxNLHsC": {
            "registrationId": 1617985770,
            "currentRatchet": {
              "ephemeralKeyPair": {
                "pubKey": "BYcBONEgbBhFA+Mu/Gm69HCzjMc+yYO7NnEmkw6fc0kR",
                "privKey": "qCbs7HM2ive475jyrxWfiobqykQ54W+ytoxSGoVkWEI="
              },
              "lastRemoteEphemeralKey": "BfIPZ9CqwMgm+cOpo2w1ePXgTA8GXAVP37cvSIJJwnZb",
              "previousCounter": 0,
              "rootKey": "11jBaPfcwk88e67l613QUYwI7YyNIF8JhFRmwNwrJfo="
            },
            "indexInfo": {
              "baseKey": "BaPvrlQP4cUio63Jp4jTiqZ0/w/XNlFr9aUXDaxNLHsC",
              "baseKeyType": 1,
              "closed": -1,
              "used": 1660751967712,
              "created": 1660739933748,
              "remoteIdentityKey": "Bbtxwc9YxMX4WsHSN+nN8cGRtOck8kEjix3Q9M5yk0Z/"
            },
            "_chains": {
              "BfIPZ9CqwMgm+cOpo2w1ePXgTA8GXAVP37cvSIJJwnZb": {
                "chainKey": {
                  "counter": 2,
                  "key": "4U2QP103EQSbll+EZsKz2/WR7Q1um8UkVHtEqCcTIL0="
                },
                "chainType": 2,
                "messageKeys": {}
              },
              "BYcBONEgbBhFA+Mu/Gm69HCzjMc+yYO7NnEmkw6fc0kR": {
                "chainKey": {
                  "counter": -1,
                  "key": "lggBt/nYPvyaj5JZ91yrXmR+IVvrsfU/iknDMJvU8Iw="
                },
                "chainType": 1,
                "messageKeys": {}
              }
            }
          }
        },
        "version": "v1"
      },
      "6283826755572.0": {
        "_sessions": {
          "BfuzlC+8AquamXi+cjIQLr9toJu+TW6qaIFBtX3mJFd/": {
            "registrationId": 864759697,
            "currentRatchet": {
              "ephemeralKeyPair": {
                "pubKey": "BXUkNrIOx7uuR8qEwCi+G4IoNYVrRF6pMszWaOUqj09s",
                "privKey": "aNh5maYw+nlUVApgwKKHLeHvG0qxszqmAfVLfrdAbkY="
              },
              "lastRemoteEphemeralKey": "BVAEzLAtvkPL1njdtJjWKpzKYnUt05PsKBjGwIuA5+Aj",
              "previousCounter": 0,
              "rootKey": "pzO9gN7EcUMjWlf8BH6N8N/vDFKOoaKLlqvUnDfEl8E="
            },
            "indexInfo": {
              "baseKey": "BfuzlC+8AquamXi+cjIQLr9toJu+TW6qaIFBtX3mJFd/",
              "baseKeyType": 2,
              "closed": -1,
              "used": 1660740809825,
              "created": 1660740809825,
              "remoteIdentityKey": "BWH3WcfiQ609LGPtm2YpZXhRqu97aF6+mkezrPYj1/dg"
            },
            "_chains": {
              "BVAEzLAtvkPL1njdtJjWKpzKYnUt05PsKBjGwIuA5+Aj": {
                "chainKey": {
                  "counter": 1,
                  "key": "nRzviUun+hRgxaUC7NzwHxRiPgxxKkrkXfeDhnSdPNE="
                },
                "chainType": 2,
                "messageKeys": {}
              },
              "BXUkNrIOx7uuR8qEwCi+G4IoNYVrRF6pMszWaOUqj09s": {
                "chainKey": {
                  "counter": -1,
                  "key": "8NULNNOPeOXhk7DnkzjxcQ8FIcbRjiS0SsueinOIElg="
                },
                "chainType": 1,
                "messageKeys": {}
              }
            }
          }
        },
        "version": "v1"
      },
      "6289684827676.0": {
        "_sessions": {
          "BWMHRKvefjV9PIPdEVt8F5CYebit7PdNjrlKpQcE9yZA": {
            "registrationId": 1463234210,
            "currentRatchet": {
              "ephemeralKeyPair": {
                "pubKey": "BZKAYvFNZO6mmoKkpIKqVoD9gPpJsa350ClOAjvBMc0w",
                "privKey": "MIXeJ1W5cWAHKuckyLGx1YwKHWCl48TUhnsqbnEBZVM="
              },
              "lastRemoteEphemeralKey": "BcJFcjFVtGfqzJl+Ktegg23WdVxbuHHbEEGmJTELejUX",
              "previousCounter": 0,
              "rootKey": "Jo3oNVqK1kEb1Ug/EET3EC8x59qLRpC1qDw/sPZ5epE="
            },
            "indexInfo": {
              "baseKey": "BWMHRKvefjV9PIPdEVt8F5CYebit7PdNjrlKpQcE9yZA",
              "baseKeyType": 2,
              "closed": -1,
              "used": 1660748887037,
              "created": 1660748887037,
              "remoteIdentityKey": "BdIvWILBqXuPLn2j7j9+ffb4K/2JU8u3w7ng3pEtlmpe"
            },
            "_chains": {
              "BcJFcjFVtGfqzJl+Ktegg23WdVxbuHHbEEGmJTELejUX": {
                "chainKey": {
                  "counter": 1,
                  "key": "xpC20SphngJp1x31JnLcPI/8IC0ifAgMa9wOsLf2kyQ="
                },
                "chainType": 2,
                "messageKeys": {}
              },
              "BZKAYvFNZO6mmoKkpIKqVoD9gPpJsa350ClOAjvBMc0w": {
                "chainKey": {
                  "counter": -1,
                  "key": "amD59kLzJpS4ngPQ2kBvs9upGGsJweJzyaQ03vqL4IY="
                },
                "chainType": 1,
                "messageKeys": {}
              }
            }
          }
        },
        "version": "v1"
      }
    },
    "appStateSyncKeys": {
      "AAAAAA7B": {
        "keyData": "uy/4G6PQ4PMk4bNlZSwmD7JI2q6DrU6l9DLq8BvOQxw=",
        "fingerprint": {
          "rawId": 2011566730,
          "currentIndex": 1,
          "deviceIndexes": [
            0,
            1
          ]
        },
        "timestamp": "0"
      },
      "AAAAAA6/": {
        "keyData": "/lqmzpBpd296oPEInafkx+Oxl1o3nIJOJIuRowVpTJs=",
        "fingerprint": {
          "rawId": 2011566729,
          "currentIndex": 1,
          "deviceIndexes": [
            0,
            1
          ]
        },
        "timestamp": "0"
      },
      "AAAAAA7A": {
        "keyData": "4fE/ao+6Y8yo+6ycIkXQF2HMy4e7tEajBHjXiKBqALs=",
        "fingerprint": {
          "rawId": 2011566729,
          "currentIndex": 1,
          "deviceIndexes": [
            0
          ]
        },
        "timestamp": "1660665723956"
      },
      "AAAAAA69": {
        "keyData": "gUDpXFcnL+qiDRVi9IJYagS/kGnqvy4/2iXY/KjXB78=",
        "fingerprint": {
          "rawId": 2011566727,
          "currentIndex": 1,
          "deviceIndexes": [
            0,
            1
          ]
        },
        "timestamp": "0"
      },
      "AAAAAA6+": {
        "keyData": "gGPV4PDeZjF1aVDxAJ9Rh3h/o26esLEX+6apmBBjhus=",
        "fingerprint": {
          "rawId": 2011566728,
          "currentIndex": 1,
          "deviceIndexes": [
            0,
            1
          ]
        },
        "timestamp": "1660631506379"
      }
    },
    "senderKeys": {
      "120363044245373247@g.us::628811575602::0": [
        {
          "senderKeyId": 449610199,
          "senderChainKey": {
            "iteration": 90,
            "seed": "K9fPCed8QmniI3YIiTeW3Px8fhO0NEHjVXhCRT4aKzU="
          },
          "senderSigningKey": {
            "public": "BW/VPtLWqvkhTCeGtj8RD95AAfmPun5iCSvVC4xUyQ0K"
          },
          "senderMessageKeys": []
        },
        {
          "senderKeyId": 816857008,
          "senderChainKey": {
            "iteration": 10,
            "seed": "sR3P+8rzqcy5UlQGjwUzoXT61Xqf5mg++h/L/frWiU0="
          },
          "senderSigningKey": {
            "public": "BRGi0ccYFPKYLJ1m9bnYksgu1QxOqkqTM1hv8knG+8l/"
          },
          "senderMessageKeys": []
        },
        {
          "senderKeyId": 1435891251,
          "senderChainKey": {
            "iteration": 35,
            "seed": "ImKlpnBKG5/mNyuBpgFqt3ONm/oiB3At/MFR5u4WYtY="
          },
          "senderSigningKey": {
            "public": "BUSp8nUeTbLWhAmEMxE2YZfyGXTakoWyi3NTRSEKQIsN"
          },
          "senderMessageKeys": []
        },
        {
          "senderKeyId": 54474643,
          "senderChainKey": {
            "iteration": 36,
            "seed": "kRX/QM8716IUHxmiWSrLoNHth2xhKmZ5up7Bh4D/pSo="
          },
          "senderSigningKey": {
            "public": "BTvsUWWtlwBzYWYU014cDX6Zb3WCxcMWPJoGn9oSQ5Ac"
          },
          "senderMessageKeys": []
        },
        {
          "senderKeyId": 1944946580,
          "senderChainKey": {
            "iteration": 4,
            "seed": "TVtV50d/hNwiLlbqs9eARe+/X9BerpM4Y0NEF3atb38="
          },
          "senderSigningKey": {
            "public": "Bc7AwjUQoCK6lP+N1kWY4/Nw/Oa/a/Pt3tZH1PsOLBMp"
          },
          "senderMessageKeys": []
        }
      ],
      "120363044245373247@g.us::628811464285:9::0": [
        {
          "senderKeyId": 1904716634,
          "senderChainKey": {
            "iteration": 39,
            "seed": "kDQ8+V1qEvEeFvVpkCJhj1noB4SZKgiN7A29KzhI0hg="
          },
          "senderSigningKey": {
            "public": "BcF45XbG6ZLm3EB2gBPz6b1M5MmEWrXX4A2xyK9eisZx",
            "private": "KC6FzpY99mCg8uQ1Keq4XiC1H91zu0AD+aqcmIos7Vw="
          },
          "senderMessageKeys": []
        }
      ],
      "120363044245373247@g.us::6289673870423::0": [
        {
          "senderKeyId": 763896880,
          "senderChainKey": {
            "iteration": 7,
            "seed": "l4JXoGlNd9vqFqgVZ9sFhjpYTj+4zQZA31nie5IcxK8="
          },
          "senderSigningKey": {
            "public": "BZe4ZHzrF1f8TBKOwUxh8gP/O+DOdQ214txI3//VOYt0"
          },
          "senderMessageKeys": []
        },
        {
          "senderKeyId": 1897911186,
          "senderChainKey": {
            "iteration": 18,
            "seed": "kUSsbi8Kcq0b55S6MOEs9D8bKvU380PpSZVM4KC3/BU="
          },
          "senderSigningKey": {
            "public": "Bd5vNfHfmYUdnILPrNNmV6q7+6xOOELfzqBP2Pobj4oD"
          },
          "senderMessageKeys": []
        },
        {
          "senderKeyId": 1252471747,
          "senderChainKey": {
            "iteration": 1,
            "seed": "Qn3ah86cQusAVKoOpVwFoRSvQhZ/WqA9oa0L4knT5Cs="
          },
          "senderSigningKey": {
            "public": "Be6uUdZlA8dEGYCRQUWFjJHt7Quq4a8C13NTU6KR4sMH"
          },
          "senderMessageKeys": []
        },
        {
          "senderKeyId": 1508478119,
          "senderChainKey": {
            "iteration": 2,
            "seed": "h1DKxRzEXOqj7GwEhZEB4IfiYXkZfQzDP2bZZqKSCmw="
          },
          "senderSigningKey": {
            "public": "BQVMsz1PeUj7R5nY2u8pH+deS/HoPZ1t9DTA9950C3go"
          }
        }
      ],
      "120363044245373247@g.us::6283848574563::0": [
        {
          "senderKeyId": 832266450,
          "senderChainKey": {
            "iteration": 38,
            "seed": "KzY060yVhQH68PPPZ8DYBJK4sxGQDMlU9VW+Q5bwf/M="
          },
          "senderSigningKey": {
            "public": "BZs/ZuimxuvHdU0heze4BeHVdXzUoCoOZ94MKOQysLI8"
          },
          "senderMessageKeys": []
        },
        {
          "senderKeyId": 1175461065,
          "senderChainKey": {
            "iteration": 3,
            "seed": "0UIAgySrxy2ckPBhRsTrDzOJftKcd4AvthIAW35AI9g="
          },
          "senderSigningKey": {
            "public": "BURm5OiCnrnhXONKFLyCcMnj+iR6jG1ABnTzc7OJvz0w"
          },
          "senderMessageKeys": []
        },
        {
          "senderKeyId": 1275720343,
          "senderChainKey": {
            "iteration": 5,
            "seed": "DgydYPXJvSkb+bMrp0V0uMwxiMyf4wEkT64NKgjqnV0="
          },
          "senderSigningKey": {
            "public": "BUnjyz7X/mD/MIQcn8PZSWVm5KgxyGB4N9r2QiCmYoU0"
          },
          "senderMessageKeys": []
        }
      ],
      "120363044688843626@g.us::628811464285:9::0": [
        {
          "senderKeyId": 168197253,
          "senderChainKey": {
            "iteration": 3,
            "seed": "f53hUHCEgTOrEZLVzHYZ3pIxs7kI1I1Bs/mNi7sQ7Ig="
          },
          "senderSigningKey": {
            "public": "Bdq0gpv7IfOe1nAjkZeKvJLOs8ZNdvbfgF1sDEF7ZKQT",
            "private": "ALZWGNXLXyVq/hIYEHBOwpTr/aKyXHkO4xMzn+McsX8="
          }
        }
      ],
      "120363044245373247@g.us::6285643325874::0": [
        {
          "senderKeyId": 485863061,
          "senderChainKey": {
            "iteration": 61,
            "seed": "ZUeQFu5NF3Nr3aM4JJXT9a8fNObr4KFnTELsEZHGwfA="
          },
          "senderSigningKey": {
            "public": "BVh1+l8xa/fzPyabaf4wXxXnMuf+rBmrXvby5sqOb0QG"
          }
        }
      ],
      "120363044245373247@g.us::6283899108049::0": [
        {
          "senderKeyId": 1796400179,
          "senderChainKey": {
            "iteration": 23,
            "seed": "bWtSLKCd0XXlbRDKy5pZIa8waauXHpWsPY8l7Xwcwfo="
          },
          "senderSigningKey": {
            "public": "BetmRLXlYFfBWRak63/7U+ygZYlMQN6ptBJNwigyJHwG"
          }
        }
      ],
      "status@broadcast::6285891634201::0": [
        {
          "senderKeyId": 2003002868,
          "senderChainKey": {
            "iteration": 17,
            "seed": "tlyYT1Lk/7ZyX64o6Q6+XK0KqgXLN7Pj+gpTpV9902Q="
          },
          "senderSigningKey": {
            "public": "BZ5qBD2OP3d4vUQIKPtYwzkg5gsk/SUUL39SUQS6p0s5"
          },
          "senderMessageKeys": []
        },
        {
          "senderKeyId": 2003002868,
          "senderChainKey": {
            "iteration": 10,
            "seed": "0J7N7lzpkWgtOm9cKNkQRBJIBJmR4Q7PopaW0g6is6U="
          },
          "senderSigningKey": {
            "public": "BZ5qBD2OP3d4vUQIKPtYwzkg5gsk/SUUL39SUQS6p0s5"
          },
          "senderMessageKeys": []
        }
      ],
      "120363044688843626@g.us::6283848574563::0": [
        {
          "senderKeyId": 1784485910,
          "senderChainKey": {
            "iteration": 19,
            "seed": "WRlgCMoHbByj/fDLlONd6foHZMx0OVP8NM+pDpRPIQU="
          },
          "senderSigningKey": {
            "public": "BYkLiOc2LWUwkQbRzu/F905HsvhUltGrVaIfMZCT1jp8"
          }
        }
      ],
      "120363044245373247@g.us::6285716683182::0": [
        {
          "senderKeyId": 2010190017,
          "senderChainKey": {
            "iteration": 23,
            "seed": "llDg2ch3XYr0tHXTeNyKVCtwt+RbU9pUSUOzO7/WURw="
          },
          "senderSigningKey": {
            "public": "BZem58qCl8kZTEjrLsrCPR/1uo0mVyFoLDk4Rtulse9N"
          },
          "senderMessageKeys": []
        },
        {
          "senderKeyId": 212758571,
          "senderChainKey": {
            "iteration": 2,
            "seed": "0ntAoeY1sMQMAY1MTO2snCWJ2ORGJjQ/LnSVUR6JpFo="
          },
          "senderSigningKey": {
            "public": "BYfvEVgWqUjcZJT78pPHjA/OBhHun8bsdVDDf6+pdeMM"
          },
          "senderMessageKeys": []
        },
        {
          "senderKeyId": 1307068937,
          "senderChainKey": {
            "iteration": 21,
            "seed": "j7zRkEar13FeT2jmKTSr3FwsJsNj7uIPS3aMvivqtfc="
          },
          "senderSigningKey": {
            "public": "BUoqHkDpSli1lA2j+1Qq8Fz9n9SWoIcMa5g+wvwsPAQW"
          }
        },
        {
          "senderKeyId": 1766812396,
          "senderChainKey": {
            "iteration": 8,
            "seed": "lh99TTbZpu3x74/2t58pn4AGCdS961pqodd9oczNU8I="
          },
          "senderSigningKey": {
            "public": "Be3tvTqr93qCov/g2sjdwVDsXCFyASRdiL1gHQqglioO"
          }
        }
      ],
      "120363044245373247@g.us::6282269573906::0": [
        {
          "senderKeyId": 428765915,
          "senderChainKey": {
            "iteration": 2,
            "seed": "Q7fDIxQFwWwPWxav8dzktX4CpMw7FytQXhSN58RpsgI="
          },
          "senderSigningKey": {
            "public": "BceonbA5vUNVbRdLZd8yCiJLxbX0MteRwIz+u4IOQzgP"
          }
        },
        {
          "senderKeyId": 997026225,
          "senderChainKey": {
            "iteration": 6,
            "seed": "EstDpwyqv++bCyO/uXirKIsBaaCXhglW7oqQnvid294="
          },
          "senderSigningKey": {
            "public": "BdlMDDryWps88Jjn6LQuqXcMi8sf8Cwt5NI+/Q7+u4wM"
          }
        },
        {
          "senderKeyId": 1064943522,
          "senderChainKey": {
            "iteration": 7,
            "seed": "6HG6jSDZEXr32JK70NCWOTAlgH0iMiF5L+BbT2/yKzA="
          },
          "senderSigningKey": {
            "public": "BbwabZsa+lxYEQo0byClPdffPJPM/MJ7KlgCmQLIcbd5"
          }
        }
      ],
      "120363044245373247@g.us::6285298434711::0": [
        {
          "senderKeyId": 1881270764,
          "senderChainKey": {
            "iteration": 1,
            "seed": "rDNVR1zAVASxladKUtSshjlEJofnAsvQE7jAyu5uzEs="
          },
          "senderSigningKey": {
            "public": "BadUTK0EImquX7iVlg5ZomyzzLizP8tsoC06LVMGHM8Q"
          },
          "senderMessageKeys": []
        },
        {
          "senderKeyId": 764270930,
          "senderChainKey": {
            "iteration": 3,
            "seed": "STTWumz8tNeCoMDFpTuYWse2U6UdJ4QAZ/R41lmvMUE="
          },
          "senderSigningKey": {
            "public": "BcY1tMEHQgk0GxD79Ps2AwgIOPulsc1XC5xKqjXYAeMA"
          }
        }
      ],
      "120363044688843626@g.us::6283846708196::0": [
        {
          "senderKeyId": 932346273,
          "senderChainKey": {
            "iteration": 1,
            "seed": "LMpWCNIzvl6EuTrzWvdckEvPmoSwOfCvYoRm6rSNPuo="
          },
          "senderSigningKey": {
            "public": "BbaoyVVTZeqvwBWTkqi8Q8TB3ntKxh1S4eOiSTI3ytgk"
          }
        },
        {
          "senderKeyId": 1893734562,
          "senderChainKey": {
            "iteration": 1,
            "seed": "hp8KKaw7UsbMnSeHNET+1NUyB2dTKR8rWL3SumqvcX8="
          },
          "senderSigningKey": {
            "public": "Bb4AQGl2brivUIWie+kgk7xd9hKkuHzRy7J5+GkaBAY1"
          }
        }
      ],
      "120363044245373247@g.us::6285892835582::0": [
        {
          "senderKeyId": 1686025213,
          "senderChainKey": {
            "iteration": 1,
            "seed": "4tNMjxJkk49+LYVs73ciSj05C2y35+Qx/QtwZu/y4pU="
          },
          "senderSigningKey": {
            "public": "BR5uBGPjpqB5SmNngJMUs8bszWTHzvsoPNsFB5vr0VMY"
          }
        }
      ],
      "120363044245373247@g.us::6283189161878::0": [
        {
          "senderKeyId": 618541555,
          "senderChainKey": {
            "iteration": 7,
            "seed": "LKMFKCMyPbzRpMvsZr/hQXqIfOsnWrJA9q6tjQteZZ8="
          },
          "senderSigningKey": {
            "public": "BWfuxI1snsuhM2zYvSZSRQFU967vSYBXxPhAh39zU5xE"
          }
        },
        {
          "senderKeyId": 1724210840,
          "senderChainKey": {
            "iteration": 1,
            "seed": "c4zMTz7PiMJbpdeyabxD6akCRz6LNQHooAWpuC2JA+8="
          },
          "senderSigningKey": {
            "public": "BX90fj+A2o+7qilfHhSN2A+Ofjv1VExWMvSqCxBkELVj"
          }
        }
      ],
      "status@broadcast::6282299577755::0": [
        {
          "senderKeyId": 245821485,
          "senderChainKey": {
            "iteration": 1,
            "seed": "kZ4qBQHHLYzz0DGpo0ZyYB95lHaVng5fUiHtmK2PWhY="
          },
          "senderSigningKey": {
            "public": "BUZorKdvBSLe/h5LytnPc/79pmElCHp9/TebYhZcAYVA"
          }
        },
        {
          "senderKeyId": 245821485,
          "senderChainKey": {
            "iteration": 5,
            "seed": "31iUGV3EZLTBwKFTUa1hnI1bz8KMUfCn2BFs8lHf7Gw="
          },
          "senderSigningKey": {
            "public": "BUZorKdvBSLe/h5LytnPc/79pmElCHp9/TebYhZcAYVA"
          }
        }
      ],
      "120363044245373247@g.us::6285894768741::0": [
        {
          "senderKeyId": 208301457,
          "senderChainKey": {
            "iteration": 1,
            "seed": "ggtVbClpOIUvw0Pg/W/hSSgy1p3nH3mMjnGI47AbKYs="
          },
          "senderSigningKey": {
            "public": "BZ2VlPbwNoANfHuctSuJP2BAld5J457AHC7upDyGSDwg"
          },
          "senderMessageKeys": []
        },
        {
          "senderKeyId": 214044046,
          "senderChainKey": {
            "iteration": 7,
            "seed": "b7vn9i4glxleBsQVJOBguE3/DFyBdSdmOnH4SilNof0="
          },
          "senderSigningKey": {
            "public": "BWyvTXvFWMj+h/tg1DtrsoivT8d6x8TcX94MHRumRt8P"
          }
        },
        {
          "senderKeyId": 1654704602,
          "senderChainKey": {
            "iteration": 2,
            "seed": "yn/iFqh1XNTZUsMcg/Kx38h18wfcqm9GvcgbMQxc1sE="
          },
          "senderSigningKey": {
            "public": "BURdF51TFyKgdlPbW1FyZL1xIEySEQzpNSlIAFuwNuA9"
          }
        }
      ],
      "120363044245373247@g.us::6283846708196::0": [
        {
          "senderKeyId": 1739922979,
          "senderChainKey": {
            "iteration": 1,
            "seed": "pgDCGfvVo8ULJ+bH7GkQTtCq/SiK5f/OOi2FdJHe+0E="
          },
          "senderSigningKey": {
            "public": "BYicN9pZkLVY7Wy/oXieSToze59O/iJLpm0XqzFMukkf"
          }
        },
        {
          "senderKeyId": 270563447,
          "senderChainKey": {
            "iteration": 4,
            "seed": "YSzacKw6ShShU9emplfjRZmCX9+pPQ2RIBBk6gSu9NM="
          },
          "senderSigningKey": {
            "public": "Bexr6gry9A/22oT/5zBS1pSoPSIXjWY/wxDbyT1KEJJl"
          },
          "senderMessageKeys": [
            {
              "iteration": 1,
              "seed": "sna9hhfXheJIRip9L8Ij1+J65YmqFqM8NersF8Dv7wU="
            }
          ]
        }
      ],
      "status@broadcast::6283826755572::0": [
        {
          "senderKeyId": 454877344,
          "senderChainKey": {
            "iteration": 56,
            "seed": "FIClK5/EVz52TFg+mX5vUPFd56pojp3YY6C8dJtVDGI="
          },
          "senderSigningKey": {
            "public": "BZIipXS48+3BvUFGG0xpga6t1qUUfEep7dIfYZyXjD1Y"
          },
          "senderMessageKeys": [
            {
              "iteration": 43,
              "seed": "emiO67Rjw689vECa7L2O4+5PmPG1ARVsKXmRLp+4ErM="
            },
            {
              "iteration": 44,
              "seed": "tBizQWFK7Yl/Cbz5XSVncyyEBWgzOqaJuV7gWJPPTpc="
            },
            {
              "iteration": 46,
              "seed": "Te7QXIl4Z1e7taWdfTIaxxfzf4Av6sd+Oe8dyDfAI38="
            },
            {
              "iteration": 47,
              "seed": "DYylcKZRu9I069i+uaIwUCX66fCjb8iuigvPERgQ5Xo="
            },
            {
              "iteration": 48,
              "seed": "ToXTwotCEnMNk/XT05qg/Vr7jcyCyu7GpO4HCT4b3Ac="
            },
            {
              "iteration": 49,
              "seed": "/kPYgHUgwWvD8XZCKONYraSrh6Cuz2LWPvf7YdeFFgo="
            }
          ]
        },
        {
          "senderKeyId": 454877344,
          "senderChainKey": {
            "iteration": 46,
            "seed": "J1SHM6iQWMGCumrq99hixstHI+etliKmIwP8mVuH0ik="
          },
          "senderSigningKey": {
            "public": "BZIipXS48+3BvUFGG0xpga6t1qUUfEep7dIfYZyXjD1Y"
          },
          "senderMessageKeys": []
        }
      ],
      "status@broadcast::6289673870423::0": [
        {
          "senderKeyId": 1533337238,
          "senderChainKey": {
            "iteration": 0,
            "seed": "tePvdKED5V34B4RzKGrP17nw0Tkua634jJQunVV0Bj0="
          },
          "senderSigningKey": {
            "public": "BR5I6qoAeD2XSBwwMdh8QTgRAJPyEZph1E4ITkihn3Zy"
          },
          "senderMessageKeys": []
        },
        {
          "senderKeyId": 1768354075,
          "senderChainKey": {
            "iteration": 0,
            "seed": "fJFtqPeSEHMPOqiopqRpX6wmRvx3v5uLjDfRJ9in3MY="
          },
          "senderSigningKey": {
            "public": "BXVLcfXhrBe7OAAJGVfvpjBS7dawSRvQBZd4Ox1bmRxh"
          }
        }
      ],
      "120363044688843626@g.us::628811575602::0": [
        {
          "senderKeyId": 1137859055,
          "senderChainKey": {
            "iteration": 6,
            "seed": "xcE6jqzaBY8+P3tpu2vMRnbVsBklLIQZLAR0Qvdkh3A="
          },
          "senderSigningKey": {
            "public": "BaBJJnQ3A6uwWAkLz7Gi7Nl1BiNayVwubxubbwRaIjYv"
          },
          "senderMessageKeys": []
        }
      ],
      "120363044245373247@g.us::6285163139668::0": [
        {
          "senderKeyId": 1124445653,
          "senderChainKey": {
            "iteration": 2,
            "seed": "DCQ1vzJpgVV14I0bFR02z6kgOh9JgymDiQQjT+DWizY="
          },
          "senderSigningKey": {
            "public": "BcslDvsBd81jSstDij4BVuaukoYenHw12p3FIOGOdvM/"
          }
        }
      ],
      "120363044245373247@g.us::6285803096399::0": [
        {
          "senderKeyId": 2093445433,
          "senderChainKey": {
            "iteration": 8,
            "seed": "3DgE1BMjvMEgoMol23DsIrpBTD8kHFc4Rzhrbjfvk6c="
          },
          "senderSigningKey": {
            "public": "Bdr0kFITJu6A/92YK5AX5F+uqFV3Zw8Vhf14CeCWaCtZ"
          }
        }
      ],
      "status@broadcast::6289684827676::0": [
        {
          "senderKeyId": 1493926080,
          "senderChainKey": {
            "iteration": 8,
            "seed": "7N67hDAXmU1gVMZUbEbYiE4MWYxvtVwM6ixubdXU0JA="
          },
          "senderSigningKey": {
            "public": "BRHQc9lki5y1nCxClj+6yyksZckdta4js3byMNW30kE+"
          },
          "senderMessageKeys": [
            {
              "iteration": 6,
              "seed": "1zffrc7c9tb9hH2bPbZ6GqGFG90VB41ic+RFeeiZp50="
            }
          ]
        }
      ]
    },
    "appStateVersions": {
      "regular_low": {
        "version": 8,
        "hash": {
          "type": "Buffer",
          "data": "OL3bq3T22sF11K/GItLsChlK585AGwepm+HlNZFq+gWE1kcrG/EgaqNnuoPkbRdm9nhWHNumOZvBX9Tyi6doa8r5urTBHyfy1ikjpZmp6t178jWEP/0L59lfyJ0I2kIQ6Od1lgHZNidxj9VkIt+HpDv1Jx6uqMYYUXN8CUvgur4="
        },
        "indexValueMap": {
          "X3IozALQqFpuVWJRpsB5ujMkOYh8CuvElOme1hDZWN8=": {
            "valueMac": {
              "type": "Buffer",
              "data": "jhENU4ASNIl0rHwnIc50PI4rz39lGiDolbx5FizXQ78="
            }
          },
          "eF32jQbMUi7z0H+tNrkBry7FUJGwgxN/3kbV01TPr+k=": {
            "valueMac": {
              "type": "Buffer",
              "data": "HpwjyieVQ7GB2m1UFk0793eXW/xBYUtvCRcPUGV8OgE="
            }
          },
          "rTaRNRV5cGH+70BEd/PJwdbADpO3BskBnxip7SnD7nE=": {
            "valueMac": {
              "type": "Buffer",
              "data": "KcyCriwZsNaAggXrm0j6aCcsks/B5J2ppL0fpobLpxM="
            }
          },
          "sdJ6ANJYW7DvbKlmtL+26geClZfOHB8ivN3So4dICfQ=": {
            "valueMac": {
              "type": "Buffer",
              "data": "gMxpBYWEAHLQOWdlnnfYAwEv5WJTVeQHu4acuAs9dRk="
            }
          },
          "z0IMQ3uxFuiUjV3KDdRavCkXBdijabkbCmmMNIJMHYI=": {
            "valueMac": {
              "type": "Buffer",
              "data": "E6zzAwswxcry5BG6p+KD/V6qalWH0UQvhy4R5hwV9EY="
            }
          },
          "Yc0Q6Qhcy0g11jrYlyvg0CmgfbT1Qo4hHxByhtKU1Hc=": {
            "valueMac": {
              "type": "Buffer",
              "data": "VjDRaSg9kIWI2zQuD1li4LNjS8pDAeJIe0+9dwn3+Sw="
            }
          },
          "BA63h6wC40gFMjv6rWidH9rSjKN0Z0PcWb+9LSEa0eQ=": {
            "valueMac": {
              "type": "Buffer",
              "data": "53xh+4AlBek+3VqZ4ctQINnW4FhXgrY4k7NdlZDCw6M="
            }
          }
        }
      },
      "regular_high": {
        "version": 7,
        "hash": {
          "type": "Buffer",
          "data": "t6m/srFyZDaLOEmNECqGF3aS8YIERQe4Ls7pzFzYJYzfn9UDyFHtoHUuQIIJUme6p56CndZFf3p6lmlzQVnv+I9cWjWUrRtPI0vmEFOz2cCdcqDqM4DRspCqF2zzi5Alk7dvvVaWzQs1ho2q7lwtWjQH8DLQJiU8Yk440oKOsr0="
        },
        "indexValueMap": {
          "eFxYFD0PaS8ujxa0SS8maRymBqweERZ695rMfaCotS4=": {
            "valueMac": {
              "type": "Buffer",
              "data": "HyoRUn/mx5X7FAXJOQkV0afeNS7U0V1V8qWJTU11ZE4="
            }
          },
          "jvaVPzpvOMfNnz03wxDyBaANMIQAXwd2YuGlio1UpuY=": {
            "valueMac": {
              "type": "Buffer",
              "data": "OrUiSOi/ElQ6o/BYDIqzBogOG2JIgeEJQW6GpZBWMtE="
            }
          },
          "wVwTC/V5+E1SDIKaoJ1B7pCfSbY4FM9QSbRLeVEGRps=": {
            "valueMac": {
              "type": "Buffer",
              "data": "lToBXBqv9H3r8wW9YOQJ5OxZ/3fHwNeZuWamiiqJlUk="
            }
          },
          "xlNlkHqUjHryuHejS3Z+fcDSOCPW+L6xXK0w7AwMIqY=": {
            "valueMac": {
              "type": "Buffer",
              "data": "PwLDr0J6J3+AP0GD9ps0y2SgmMs3RkAVV71VSvux6SM="
            }
          },
          "T+bagkE7rwLJoaUs3FIIAsA1vR/EokuvmcJLNezw6EI=": {
            "valueMac": {
              "type": "Buffer",
              "data": "u0r3AMRV/oNmuBEy+N04myf6dKzqXmVTrHZbOAqvyFY="
            }
          },
          "5LLsWnMbOkpBkpkl4HRmZzlmiREkNJqpHDsr49dJJmg=": {
            "valueMac": {
              "type": "Buffer",
              "data": "kvHHlbo1QtXEARuraEML9Iw5u3KfQmv207Mp61IEMt4="
            }
          }
        }
      },
      "critical_unblock_low": {
        "version": 23,
        "hash": {
          "type": "Buffer",
          "data": "TON3dj+mZfMtY9snkLgkrk9yI3aJ5Haktr6mQJtR2eN52gbXuTBGGzXBZ4SZuGFg1g5v9to1uxpJsgPWaukgRPzOGKGpzRUzzp7KnW08rEOFDNUkfte++vGV5uZUw0DwBqI3xo5S08A8y5+zabWHnuTg4uC8XCxtKCWa/TxUuUE="
        },
        "indexValueMap": {
          "MhTkEfrAjreMsYpsizwCez87Ve2RDBFbkQ1seNOfV3A=": {
            "valueMac": {
              "type": "Buffer",
              "data": "nNLZyjNlfqY2QhHiwuwQAuhBEe1zxD3AQeL+65/sbaE="
            }
          },
          "lEQXI0HrvzXedtO0wv+Z7R66Y581ENBSwDxp0kxcOzU=": {
            "valueMac": {
              "type": "Buffer",
              "data": "A/XbnCYFjX/8VfC4rpXdOBGYscpbr9pwoZmm/pmB3Qg="
            }
          },
          "lztb52zi5CSaTfZXFI6ZI+3K0v5TWwcglgfQ26LEjSM=": {
            "valueMac": {
              "type": "Buffer",
              "data": "cFz0OTYSr7JkDZMoX9/mWwxQfdnEJXnbRYH9McyailY="
            }
          },
          "GXl/WkzFuNayHwu3PW8WLsuKB1g+T0ZpOiI23EoEHnY=": {
            "valueMac": {
              "type": "Buffer",
              "data": "fTkGzIi6TI2EpuOyprJn/FRPNSQRkqk1xEc/Ucl3n/A="
            }
          },
          "c0zuAD3M9zooHmx3uJ4kkhJuz1mxRZJ/2ka+Lj9KY0E=": {
            "valueMac": {
              "type": "Buffer",
              "data": "aeOUDUFd1gh5WHa+KoBui+Y6glCqQ/8+5SvZ1FlRaBk="
            }
          },
          "OPZLRoLAM5SS2ATAZHeD3apbp2g8zQA+y0/kaOuLrnM=": {
            "valueMac": {
              "type": "Buffer",
              "data": "xbtrufXJtnt23TYj5aacE6h0LT5oQB9yxb/yBuUYkYI="
            }
          },
          "YuGsw7ziaydhFFAx09sD3ipvxhDiv3NsWWSmELEA73c=": {
            "valueMac": {
              "type": "Buffer",
              "data": "TEnUo/B4VfZYphns5Xuvj+hhioJtyWu9QD+n9OZrB84="
            }
          }
        }
      },
      "critical_block": {
        "version": 5,
        "hash": {
          "type": "Buffer",
          "data": "6UBIdQqNfBsluXi8OMUwVQBXOd1n9zvHo7B9+snioMcB+H81sJQQgXuNUguXGjmHyufL6jQ2NDTgUsQHM9WfVu2AlxEKRmITLCzq8DR+6e30yMYm4n30eCRA5ViA6tkmHzb39hk//N+gRFDTl+E3CVWdztvKwdLnx9cyP85rFDE="
        },
        "indexValueMap": {
          "aCBXogFFLPDsZk8x3Kdgzx7jp2h6sDkEYJVa3M85ICU=": {
            "valueMac": {
              "type": "Buffer",
              "data": "3xf+drjoz9jWT+Re+e9/xppM1C1fIHICfnpKlr4rE4g="
            }
          },
          "DR2rYCihT9pO8pW5hczcSqJxbu/jii0r9+eVsTo7DVs=": {
            "valueMac": {
              "type": "Buffer",
              "data": "SJXFRL3CuklOoXG+BbZCkat6ln1G8fl3bU37lqMhj5Y="
            }
          },
          "hGWNbc8gJRXorWFDqNyz5+foJGO7ylS6DjsX7RyMfQU=": {
            "valueMac": {
              "type": "Buffer",
              "data": "JTJFtt6kHgbt4QRDdZcsduQqPiyTO2ChsZQQgVTiKpQ="
            }
          }
        }
      },
      "regular": {
        "version": 5,
        "hash": {
          "type": "Buffer",
          "data": "HMTf9lcvoVCTky0+LEB3fEYePzdc+HF8H0nC56myPQ8bSwE2DZs8RxBsANP0QLGjUBuQ0kx4ayDaMgv3J4CR1qIIU3QHNEKcpYtkQFR76PecZiHmpdx/07lj4sTE24rawWuj49vMUPS4zR3P/z0TjeG6NVtLUAxzwRg++WozTVw="
        },
        "indexValueMap": {
          "UW8Twp9LFw/+/rYyelCMgoxYd/G5QHoXH79/ZoTWFiE=": {
            "valueMac": {
              "type": "Buffer",
              "data": "J0kPUSWsao2/zoDdXPOSYgt33XC9sWu61vjr6tLLGl0="
            }
          },
          "RaAig4An1yHgrup0BMr/ETMsu7lacDpDv/TsSQglLeY=": {
            "valueMac": {
              "type": "Buffer",
              "data": "uYYu28qO06PKdmwNQWgiHE9y06ks+uM5aNwu1ydNqr0="
            }
          }
        }
      }
    },
    "senderKeyMemory": {
      "120363044245373247@g.us": {
        "6281213776227@s.whatsapp.net": true,
        "6281393488841@s.whatsapp.net": true,
        "6282116321630@s.whatsapp.net": true,
        "6282137745216@s.whatsapp.net": true,
        "6282269573906@s.whatsapp.net": true,
        "6283846708196@s.whatsapp.net": true,
        "6283848574563@s.whatsapp.net": true,
        "6283865012532@s.whatsapp.net": true,
        "6283899108049@s.whatsapp.net": true,
        "6285163139668@s.whatsapp.net": true,
        "6285298434711@s.whatsapp.net": true,
        "6285298434711:10@s.whatsapp.net": true,
        "6285298434711:19@s.whatsapp.net": true,
        "6285298434711:20@s.whatsapp.net": true,
        "6285339476183@s.whatsapp.net": true,
        "6285643325874@s.whatsapp.net": true,
        "6285707039179@s.whatsapp.net": true,
        "6285716683182@s.whatsapp.net": true,
        "6285803096399@s.whatsapp.net": true,
        "6285968102995@s.whatsapp.net": true,
        "628811464285@s.whatsapp.net": true,
        "628811575602@s.whatsapp.net": true,
        "6288261261816@s.whatsapp.net": true,
        "6289503864168@s.whatsapp.net": true,
        "6289669615231@s.whatsapp.net": true,
        "6289673870423@s.whatsapp.net": true,
        "6285892835582@s.whatsapp.net": true,
        "6283189161878@s.whatsapp.net": true,
        "6285894768741@s.whatsapp.net": true,
        "6285894768741:1@s.whatsapp.net": true
      },
      "120363044688843626@g.us": {
        "628811575602@s.whatsapp.net": true,
        "628811464285@s.whatsapp.net": true,
        "6285716683182@s.whatsapp.net": true,
        "6283899108049@s.whatsapp.net": true,
        "6283865012532@s.whatsapp.net": true,
        "6283848574563@s.whatsapp.net": true,
        "6283846708196@s.whatsapp.net": true
      }
    }
  }
}